id,Vendor,Shop,ProductCategory,OrderNumber,OrderDate,Product,OrderedQuantity,OrderedAmount,DeliveredQuantity,DeliveredAmount,SLAByQuantity,SLAByAmount,InTimeOrders
1,მომწოდებელი 1,მაღაზია 1,არაყი,171,01.02.2023,კანტი  არაყი AIR 0 5ლ.12ც/ყ,75,300,75,300,100,100,1
2,მომწოდებელი 1,მაღაზია 1,ასაწონი თხილეული,171,01.02.2023,ალუჩა,41,123,41,123,100,100,1
3,მომწოდებელი 1,მაღაზია 1,ჰიგიენური საფენი,171,01.02.2023,Discreet Deo ჰიგიენური საფენი,85,255,69,207,81,81,1
4,მომწოდებელი 1,მაღაზია 1,ელექტრო საქონელი,171,01.02.2023,Linus დამაგრძელებელი დამიწებით,84,588,84,588,100,100,1
5,მომწოდებელი 1,მაღაზია 1,სარეცხი სითხე,171,01.02.2023,Smile მინიონები სველი ხელსახოცი,43,129,43,129,100,100,1
6,მომწოდებელი 1,მაღაზია 1,ასაწონი თხილეული,171,01.02.2023,გარგარი,12,60,7,35,58,58,1
7,მომწოდებელი 1,მაღაზია 1,ლიქიორი,171,01.02.2023,SARAJISHVILI-სპირტიანი მაგარი სასმელი 3* 0.5,93,372,80,320,86,86,1
8,მომწოდებელი 1,მაღაზია 1,ფოლგა/ პერგამენტი,171,01.02.2023,არიელი - ფერადი,72,360,72,360,100,100,1
9,მომწოდებელი 1,მაღაზია 1,ელექტრო საქონელი,171,01.02.2023,Panasonic-ელემენტი LR03AP/4BP,85,595,85,595,100,100,1
10,მომწოდებელი 1,მაღაზია 1,ასაწონი თხილეული,171,01.02.2023,ოხრახუში (ქ),14,98,14,98,100,100,1
11,მომწოდებელი 1,მაღაზია 1,ლიქიორი,171,01.02.2023,Hennessy Vs 0 7 L 40  - კონიაკი ჰენესი ვი ესი,44,176,32,128,73,73,1
12,მომწოდებელი 1,მაღაზია 1,სარეცხი სითხე,171,01.02.2023,არიელი - ლენორ ფერადი,60,420,60,420,100,100,1
13,მომწოდებელი 1,მაღაზია 1,ჰიგიენური საფენი,171,01.02.2023,Olways Ultra ულტრა ნორმალი ჰიგიენური საფენი,10,90,10,90,100,100,1
14,მომწოდებელი 1,მაღაზია 1,ბავშვთა ჰიგიენა,171,01.02.2023,Reach ბავშვის კბილის ჯაგრისი,7,42,7,42,100,100,1
15,მომწოდებელი 1,მაღაზია 1,კბილის ჯაგრისი,171,01.02.2023,Colgate Triple Action კბილის პასტა,20,120,20,120,100,100,1
16,მომწოდებელი 1,მაღაზია 1,კექსი/ რულეტი/ ქაფქეიქი,171,01.02.2023,Bahlsen ნამცხვარი ჩოკინი,80,560,56,392,70,70,1
17,მომწოდებელი 1,მაღაზია 1,გაზიანი ტკბილი სასმელები,171,01.02.2023,Fanta ფორთოხალი,80,320,80,320,100,100,1
18,მომწოდებელი 1,მაღაზია 1,კექსი/ რულეტი/ ქაფქეიქი,171,01.02.2023,Hamlet შოკოლადი ტრუფელი კაკაოთიშამპანიურით,19,133,14,98,74,74,1
19,მომწოდებელი 1,მაღაზია 1,ჟურნალ-გაზეთები,171,01.02.2023,კრიალა გურმანი ხელსახოცი,82,246,82,246,100,100,1
20,მომწოდებელი 1,მაღაზია 1,შამპუნი/ ბალზამი/ კონდიციონერი,171,01.02.2023,პანტენის კონდიციონერი ბამბუკი 6x200გ,92,552,92,552,100,100,1
21,მომწოდებელი 1,მაღაზია 1,ბისკვიტი/ ზეფირი,171,01.02.2023,Milka ვაფლი შოკოლადით,30,90,30,90,100,100,1
22,მომწოდებელი 1,მაღაზია 1,დიაბეტური წონით,171,01.02.2023,Lindt შოკოლადის ფილა წონით,32,224,13,91,41,41,1
23,მომწოდებელი 1,მაღაზია 1,კბილის პასტა,171,01.02.2023,Oral B კლინიკა კბილის ძაფი,78,234,78,234,100,100,1
24,მომწოდებელი 1,მაღაზია 1,საპონი მყარი,171,01.02.2023,Frosch ბროწეულის თხევადი საპონი,91,273,91,273,100,100,1
25,მომწოდებელი 1,მაღაზია 1,ბავშვთა ჰიგიენა,171,01.02.2023,კომპაქტი ბავ. სვ. ხელსახოცი ოტომან NEON 20 ც,45,180,45,180,100,100,1
26,მომწოდებელი 1,მაღაზია 1,დაფასოებული თხილეული,171,01.02.2023,სევერმოტკბო შოკოლადიანი პოპკორნი,12,84,12,84,100,100,1
27,მომწოდებელი 1,მაღაზია 1,ბამბის დისკები,171,01.02.2023,ბიფრეშ ბამბის ცხვირის ჩხირი 200 ცალიანი (0-3 წ),9,45,9,45,100,100,1
28,მომწოდებელი 1,მაღაზია 1,კრეკერები,171,01.02.2023,ფრიქსი კლასიკი ჩიფსი,10,60,10,60,100,100,1
29,მომწოდებელი 1,მაღაზია 1,კექსი/ რულეტი/ ქაფქეიქი,171,01.02.2023,G+G ორცხობილების ნაკრები,48,192,48,192,100,100,1
30,მომწოდებელი 1,მაღაზია 1,კექსი/ რულეტი/ ქაფქეიქი,171,01.02.2023,ვაფლი რეტრო ლიმნის 0.3კგ/12,62,496,62,496,100,100,1
31,მომწოდებელი 1,მაღაზია 1,კეფირი,171,01.02.2023,LUNA მარგარინი,30,90,5,15,17,17,1
32,მომწოდებელი 1,მაღაზია 1,ბოსტნეულის კონსერვი,171,01.02.2023,Reggia გომიტი რიგატი ნიჟარა,48,432,48,432,100,100,1
33,მომწოდებელი 1,მაღაზია 1,სარეცხი ფხვნილი,171,01.02.2023,Melochi Zhizni ნაგვის,26,182,26,182,100,100,1
34,მომწოდებელი 1,მაღაზია 1,დაფასოებული კანფეტი,171,01.02.2023,KONTI-შოკოლადის კანფეტი Тими ნაღებით 1000 გრ.(4),10,90,10,90,100,100,1
35,მომწოდებელი 1,მაღაზია 1,ბისკვიტი/ ზეფირი,171,01.02.2023,ბარამბო - ვაფლი თხილით 240 გრ,57,342,57,342,100,100,1
36,მომწოდებელი 1,მაღაზია 1,კექსი/ რულეტი/ ქაფქეიქი,171,01.02.2023,DR. QUENDT-ნამხცვარი   ასოები,87,609,62,434,71,71,1
37,მომწოდებელი 1,მაღაზია 1,არაყი,171,01.02.2023,Grey Goose არაყი 40,63,567,63,567,100,100,1
38,მომწოდებელი 1,მაღაზია 1,ბურღულეული,171,01.02.2023,იასნო სოლნიშკო - შვრიის ფაფა ასორტი,20,100,20,100,100,100,1
39,მომწოდებელი 1,მაღაზია 1,ლიქიორი,171,01.02.2023,HENNESSY V.S.O.P. - კონიაკი  ჰენესი  ვი.ეს.ოუ.პი 40 1ლ,34,170,34,170,100,100,1
40,მომწოდებელი 1,მაღაზია 1,ბურღულეული,171,01.02.2023,სოლნიშკო შვრიის ფანტელი N 1,75,525,75,525,100,100,1
41,მომწოდებელი 1,მაღაზია 1,კბილის ჯაგრისი,171,01.02.2023,Oral - B Pro - Expert კბილის ჯაგრისი,49,441,49,441,100,100,1
42,მომწოდებელი 1,მაღაზია 1,კეფირი,171,01.02.2023,სანტე მაწონი 3.2,71,355,71,355,100,100,1
43,მომწოდებელი 1,მაღაზია 1,დაფასოებული კანფეტი,171,01.02.2023,Kids Box მუტფილმის გმირები ხრაშუნა ტკბილეული,72,648,72,648,100,100,1
44,მომწოდებელი 1,მაღაზია 1,საკანცელარიო საქონელი,171,01.02.2023,ერთჯერადი საშეტი ბლუ 3-10ც,92,644,92,644,100,100,1
45,მომწოდებელი 1,მაღაზია 1,ბისკვიტი/ ზეფირი,171,01.02.2023,G&G შოკოლადის ხვეულა,86,774,86,774,100,100,1
46,მომწოდებელი 1,მაღაზია 1,კეფირი,171,01.02.2023,დაჩა მარგარინი ზლოტა,33,132,33,132,100,100,1
47,მომწოდებელი 1,მაღაზია 1,დაფასოებული ხილი,171,01.02.2023,მარწყვი,81,648,63,504,78,78,1
48,მომწოდებელი 1,მაღაზია 1,ბავშვთა ჰიგიენა,171,01.02.2023,Tic-Tac საბავშვო საპონი,59,472,48,384,81,81,1
49,მომწოდებელი 1,მაღაზია 1,ბისკვიტი/ ზეფირი წონით,171,01.02.2023,ეტი-ბისკვიტი კაკაოთი წონით,67,603,67,603,100,100,1
50,მომწოდებელი 2,მაღაზია 2,წონის ორცხობილა/ ვაფლი,242,04.02.2023,შოლენ ოზმო რძიანი შოკოლადი წონით,35,315,35,315,100,100,0
51,მომწოდებელი 2,მაღაზია 2,ასაწონი თხილეული,242,04.02.2023,ალუჩა,37,518,37,518,100,100,0
52,მომწოდებელი 2,მაღაზია 2,ჰიგიენური საფენი,242,04.02.2023,Discreet Deo ჰიგიენური საფენი,30,270,30,270,100,100,0
53,მომწოდებელი 2,მაღაზია 2,ელექტრო საქონელი,242,04.02.2023,Linus დამაგრძელებელი დამიწებით,56,504,56,504,100,100,0
54,მომწოდებელი 2,მაღაზია 2,ტეკილა და სხვა,242,04.02.2023,SIERA - SILVER - ტეკილა  სიერა  სილვერი 38 1ლ,41,246,22,132,54,54,0
55,მომწოდებელი 2,მაღაზია 2,ხინკალი/ პილმენი/ ვარენიკი,242,04.02.2023,ზღვის კარჩხანა დორადო,20,160,20,160,100,100,0
56,მომწოდებელი 2,მაღაზია 2,სარეცხი სითხე,242,04.02.2023,Smile მინიონები სველი ხელსახოცი,48,432,48,432,100,100,0
57,მომწოდებელი 2,მაღაზია 2,მინის საწმენდი სითხე,242,04.02.2023,ზევა საბავშვო სველი ტუალეტის ქაღალდი,41,328,41,328,100,100,0
58,მომწოდებელი 2,მაღაზია 2,ტორტი/ ნამცხვარი,242,04.02.2023,ბაბაევსკი შოკოლადის ფილა,26,234,26,234,100,100,0
59,მომწოდებელი 2,მაღაზია 2,ასაწონი თხილეული,242,04.02.2023,გარგარი,50,650,45,585,90,90,0
60,მომწოდებელი 2,მაღაზია 2,იმპორტული მდნარი ყველი,242,04.02.2023,Ementaler Cheese ყველი,36,396,36,396,100,100,0
61,მომწოდებელი 2,მაღაზია 2,იმპორტული ხილი,242,04.02.2023,პომელო (ასაწონი) (იმპ),26,104,26,104,100,100,0
62,მომწოდებელი 2,მაღაზია 2,იმპორტული ხილი,242,04.02.2023,ჰერბია - ხახვი გარჩეული 0.500 გრ.,50,300,50,300,100,100,0
63,მომწოდებელი 2,მაღაზია 2,ლიქიორი,242,04.02.2023,SARAJISHVILI-სპირტიანი მაგარი სასმელი 3* 0.5,16,208,13,169,81,81,0
64,მომწოდებელი 2,მაღაზია 2,სიმინდის კონსერვი,242,04.02.2023,Lorado ტკბილი სიმინდი,27,378,27,378,100,100,0
65,მომწოდებელი 2,მაღაზია 2,ფოლგა/ პერგამენტი,242,04.02.2023,არიელი - ფერადი,39,273,39,273,100,100,0
66,მომწოდებელი 2,მაღაზია 2,შოკოლადის ნაკრები,242,04.02.2023,Barambo Export რძიანი შოკოლადის ფილა ნიგვზით,46,368,46,368,100,100,0
67,მომწოდებელი 2,მაღაზია 2,ღვინო,242,04.02.2023,მარანი ფიროსმანი ღვინო,39,468,39,468,100,100,0
68,მომწოდებელი 2,მაღაზია 2,წვენი,242,04.02.2023,კოკა-კოლა  გაზიანი სასმელი  2ლ,7,35,7,35,100,100,0
69,მომწოდებელი 2,მაღაზია 2,პური დაჭრილი რუხი ბატონი,242,04.02.2023,ბაგეტი ნივრით,6,24,6,24,100,100,0
70,მომწოდებელი 2,მაღაზია 2,ქართული ყველი,242,04.02.2023,შებოლილი დათლილი სულგუნი ვაკუმში (ქ),50,200,50,200,100,100,0
71,მომწოდებელი 2,მაღაზია 2,თევზის კონსერვი,242,04.02.2023,კიტრის მწნილი პიკული,25,350,25,350,100,100,0
72,მომწოდებელი 2,მაღაზია 2,ელექტრო საქონელი,242,04.02.2023,Panasonic-ელემენტი LR03AP/4BP,49,588,49,588,100,100,0
73,მომწოდებელი 2,მაღაზია 2,სოსისი,242,04.02.2023,Vici კრევეტები ოთხკუთხა კუდით,45,540,45,540,100,100,0
74,მომწოდებელი 2,მაღაზია 2,ასაწონი თხილეული,242,04.02.2023,ოხრახუში (ქ),22,242,22,242,100,100,0
75,მომწოდებელი 2,მაღაზია 2,ტეკილა და სხვა,242,04.02.2023,GLENMORANGIE - ORIGINAL  GB 0.700 \40 - ვისკი  გლენმორანჟი  ორიგინალი,16,64,16,64,100,100,0
76,მომწოდებელი 2,მაღაზია 2,მინის საწმენდი სითხე,242,04.02.2023,პერვოლი  თხევადი  ქსოვილის აღმდგენი  1 ლ. (8),51,765,51,765,100,100,0
77,მომწოდებელი 2,მაღაზია 2,ლიქიორი,242,04.02.2023,Hennessy Vs 0 7 L 40  - კონიაკი ჰენესი ვი ესი,31,248,31,248,100,100,0
78,მომწოდებელი 2,მაღაზია 2,ქართული ყველი,242,04.02.2023,ალვანის ცხვრის გუდა,10,100,0,0,0,0,0
79,მომწოდებელი 2,მაღაზია 2,ნათურები,242,04.02.2023,Palmolive Olive,27,297,27,297,100,100,0
80,მომწოდებელი 2,მაღაზია 2,ზეთი,242,04.02.2023,სელის ზეთი,34,170,34,170,100,100,0
81,მომწოდებელი 2,მაღაზია 2,ქართული მდნარი ყველი,242,04.02.2023,Almetteმდნარი ყველი 16,56,728,56,728,100,100,0
82,მომწოდებელი 2,მაღაზია 2,სარეცხი სითხე,242,04.02.2023,არიელი - ლენორ ფერადი,40,320,40,320,100,100,0
83,მომწოდებელი 2,მაღაზია 2,ჰიგიენური საფენი,242,04.02.2023,Olways Ultra ულტრა ნორმალი ჰიგიენური საფენი,41,451,41,451,100,100,0
84,მომწოდებელი 2,მაღაზია 2,იოგურტი,242,04.02.2023,სანტისიმო ალუბალი ნაღებით 2.5,16,144,16,144,100,100,0
85,მომწოდებელი 2,მაღაზია 2,შავი ჩაი,242,04.02.2023,ლებო ყავა სერენადა მარცვალი,28,420,0,0,0,0,0
86,მომწოდებელი 2,მაღაზია 2,სოსისი,242,04.02.2023,Vici კიბორჩხალის ჩხირები,30,150,30,150,100,100,0
87,მომწოდებელი 2,მაღაზია 2,მცენარეული ჩაი,242,04.02.2023,Nescafe Classic ხსნადი ყავა,43,516,43,516,100,100,0
88,მომწოდებელი 2,მაღაზია 2,ჯემები და მურაბები,242,04.02.2023,კულა - ვაშლის ჯემი 900გრ,16,240,16,240,100,100,0
89,მომწოდებელი 2,მაღაზია 2,ბავშვთა ჰიგიენა,242,04.02.2023,Reach ბავშვის კბილის ჯაგრისი,31,341,31,341,100,100,0
90,მომწოდებელი 2,მაღაზია 2,სუნელები,242,04.02.2023,ხომლი - ხმელი სუნელი დაფქვილი 15 გ,51,459,51,459,100,100,0
91,მომწოდებელი 2,მაღაზია 2,ხინკალი/ პილმენი/ ვარენიკი,242,04.02.2023,რუსული ზუთხის სტეიკი,35,175,35,175,100,100,0
92,მომწოდებელი 3,მაღაზია 3,პური შოთის,1003,07.02.2023,არტიზანო პური,21,126,21,126,100,100,0
93,მომწოდებელი 3,მაღაზია 3,ღვინო,1003,07.02.2023,მარანი კონდოლი მწვანე ქისი ღვინო,19,190,19,190,100,100,0
94,მომწოდებელი 3,მაღაზია 3,მაკარონი,1003,07.02.2023,დოშირაკი - წვნიანი საქონლის (თეფში 90გრ/24ც),11,132,11,132,100,100,0
95,მომწოდებელი 3,მაღაზია 3,კექსი/ რულეტი/ ქაფქეიქი,1003,07.02.2023,Hamlet შოკოლადი ტრუფელი კაკაოთიშამპანიურით,19,95,19,95,100,100,0
96,მომწოდებელი 3,მაღაზია 3,ჟურნალ-გაზეთები,1003,07.02.2023,კრიალა გურმანი ხელსახოცი,9,135,9,135,100,100,0
97,მომწოდებელი 3,მაღაზია 3,შოკოლადის ფილა,1003,07.02.2023,ტყლაპი ტყემლის აგროფაი 70 გრ,52,624,52,624,100,100,0
98,მომწოდებელი 3,მაღაზია 3,ქართული ყველი,1003,07.02.2023,Mlekovita ლორით მდნარი ყველი,24,312,24,312,100,100,0
99,მომწოდებელი 3,მაღაზია 3,სხვადასხვა ზღვის პროდუქტი,1003,07.02.2023,(გაცივებული) ზეთში დამარინადებული მიდიები ЛЮБО ЕСТЬ 200 გ 10 ც/ყ,27,135,27,135,100,100,0
100,მომწოდებელი 3,მაღაზია 3,ძროხის ხორცი,1003,07.02.2023,ღორის ხორცი ტყავით - ასაწონი,9,135,9,135,100,100,0
101,მომწოდებელი 3,მაღაზია 3,ზეთი,1003,07.02.2023,Coopoliva ზეითუნის ზეთი,50,350,50,350,100,100,0
102,მომწოდებელი 3,მაღაზია 3,ზეთი,1003,07.02.2023,Hutesa ზეითუნის ზეთი ექსტრა,16,128,16,128,100,100,0
103,მომწოდებელი 3,მაღაზია 3,მაწონი/ არაჟანი,1003,07.02.2023,სანტისიმო Amore ტირამისუ 7,52,208,16,64,31,31,0
104,მომწოდებელი 3,მაღაზია 3,ვაფლი/ ორცხობილა,1003,07.02.2023,ულქერი - ო ლალა - სუფლე რძიანი შოკოლადი - 70გ*12,30,270,30,270,100,100,0
105,მომწოდებელი 3,მაღაზია 3,შამპუნი/ ბალზამი/ კონდიციონერი,1003,07.02.2023,პანტენის კონდიციონერი ბამბუკი 6x200გ,37,555,37,555,100,100,0
106,მომწოდებელი 3,მაღაზია 3,მწნილეული,1003,07.02.2023,ჩვენი სუფრა - კიტრის მარინადი 700 გრ,24,264,24,264,100,100,0
107,მომწოდებელი 3,მაღაზია 3,სუნელები,1003,07.02.2023,ოჯახური რეჰანი,7,56,7,56,100,100,0
108,მომწოდებელი 3,მაღაზია 3,მწნილეული,1003,07.02.2023,პაშტეტი ღვიძლის 120 გრ,50,700,50,700,100,100,0
109,მომწოდებელი 3,მაღაზია 3,ქათმის ფილე,1003,07.02.2023,G+G - გაყინული ბოსტბნეული კარაქით 300 გრ,32,448,32,448,100,100,0
110,მომწოდებელი 3,მაღაზია 3,ბისკვიტი/ ზეფირი,1003,07.02.2023,Milka ვაფლი შოკოლადით,34,204,32,192,94,94,0
111,მომწოდებელი 3,მაღაზია 3,დიაბეტური წონით,1003,07.02.2023,Lindt შოკოლადის ფილა წონით,30,420,30,420,100,100,0
112,მომწოდებელი 3,მაღაზია 3,ყავა ერთჯერადი,1003,07.02.2023,Nescafe ერთჯერადი ხსნადი ყავა გოლდი,46,414,46,414,100,100,0
113,მომწოდებელი 3,მაღაზია 3,იმპორტული მდნარი ყველი,1003,07.02.2023,President Le Blue 50,12,132,12,132,100,100,0
114,მომწოდებელი 3,მაღაზია 3,კბილის პასტა,1003,07.02.2023,Oral B კლინიკა კბილის ძაფი,51,561,51,561,100,100,0
115,მომწოდებელი 3,მაღაზია 3,იმპორტული ყველი,1003,07.02.2023,Arla მდნარი ყველი მწვანილით და სუნელებით,53,583,53,583,100,100,0
116,მომწოდებელი 3,მაღაზია 3,რძე,1003,07.02.2023,დომიკ ვ დერევნე სტერილიზებული რძე 6.0,8,72,8,72,100,100,0
117,მომწოდებელი 3,მაღაზია 3,შოკოლადის ნაკრები,1003,07.02.2023,Oreo ნამცხვარი კაკაო და ვანილით,8,88,8,88,100,100,0
118,მომწოდებელი 3,მაღაზია 3,საპონი მყარი,1003,07.02.2023,Frosch ბროწეულის თხევადი საპონი,39,585,15,225,38,38,0
119,მომწოდებელი 3,მაღაზია 3,იმპორტული ხილი,1003,07.02.2023,ლიმონი (იმპ),29,348,29,348,100,100,0
120,მომწოდებელი 3,მაღაზია 3,ღორის ფარში,1003,07.02.2023,ძეხვი სალიამი,7,98,0,0,0,0,0
121,მომწოდებელი 3,მაღაზია 3,ბავშვთა ჰიგიენა,1003,07.02.2023,კომპაქტი ბავ. სვ. ხელსახოცი ოტომან NEON 20 ც,35,245,35,245,100,100,0
122,მომწოდებელი 3,მაღაზია 3,დაფასოებული თხილეული,1003,07.02.2023,სევერმოტკბო შოკოლადიანი პოპკორნი,12,60,12,60,100,100,0
123,მომწოდებელი 3,მაღაზია 3,ხინკალი/ პილმენი/ ვარენიკი,1003,07.02.2023,ზღვის ქორჭილა სიბასი,34,476,34,476,100,100,0
124,მომწოდებელი 3,მაღაზია 3,ბამბის დისკები,1003,07.02.2023,ბიფრეშ ბამბის ცხვირის ჩხირი 200 ცალიანი (0-3 წ),31,155,31,155,100,100,0
125,მომწოდებელი 3,მაღაზია 3,ხინკალი/ პილმენი/ ვარენიკი,1003,07.02.2023,ქაშაყის ფილე კამით,44,616,44,616,100,100,0
126,მომწოდებელი 3,მაღაზია 3,კრეკერები,1003,07.02.2023,ფრიქსი კლასიკი ჩიფსი,44,572,44,572,100,100,0
127,მომწოდებელი 3,მაღაზია 3,სუნელები,1003,07.02.2023,იამუნა ჟელატინი,20,160,20,160,100,100,0
128,მომწოდებელი 3,მაღაზია 3,ქართული ხილი,1003,07.02.2023,მსხალი გულაბი 1 კგ.,30,420,30,420,100,100,0
129,მომწოდებელი 3,მაღაზია 3,სიგარეტი,1003,07.02.2023,Kent HD,7,56,7,56,100,100,0
130,მომწოდებელი 3,მაღაზია 3,კექსი/ რულეტი/ ქაფქეიქი,1003,07.02.2023,G+G ორცხობილების ნაკრები,51,459,51,459,100,100,0
131,მომწოდებელი 3,მაღაზია 3,პური შოთის,1003,07.02.2023,ცეხვილი,32,128,32,128,100,100,0
132,მომწოდებელი 3,მაღაზია 3,ხინკალი/ პილმენი/ ვარენიკი,1003,07.02.2023,ხიზილალა იმიტირებული შავი ოკეანის ენერგია პრემიუმი 400 გრ პლასტიკის ქილა,30,120,30,120,100,100,0
133,მომწოდებელი 3,მაღაზია 3,შოკოლადის ბატონი,1003,07.02.2023,3 კორაჩკი - სუხარიკი ტომატ მწვანილით 100/25,45,450,45,450,100,100,0
134,მომწოდებელი 3,მაღაზია 3,მწნილეული,1003,07.02.2023,პაშტეტი ბატის ბეკონის არომატით,48,576,48,576,100,100,0
135,მომწოდებელი 3,მაღაზია 3,კექსი/ რულეტი/ ქაფქეიქი,1003,07.02.2023,ვაფლი რეტრო ლიმნის 0.3კგ/12,26,260,26,260,100,100,0
136,მომწოდებელი 3,მაღაზია 3,კეფირი,1003,07.02.2023,LUNA მარგარინი,15,210,15,210,100,100,0
137,მომწოდებელი 3,მაღაზია 3,შოკოლადის ნაკრები,1003,07.02.2023,Nestle შავი შოკოლადის ფილა,25,100,25,100,100,100,0
138,მომწოდებელი 3,მაღაზია 3,შოკოლადის ბატონი,1003,07.02.2023,7DAYS - მიდი კრუასანი მარწყვი 60 გრ (20),52,260,52,260,100,100,0
139,მომწოდებელი 3,მაღაზია 3,ბოსტნეულის კონსერვი,1003,07.02.2023,Reggia გომიტი რიგატი ნიჟარა,7,63,7,63,100,100,0
140,მომწოდებელი 3,მაღაზია 3,ღორის ხორცი,1003,07.02.2023,Flus ტურისტი უნგრული ძეხვი,56,784,56,784,100,100,0
141,მომწოდებელი 3,მაღაზია 3,ყავა ასაწონი,1003,07.02.2023,Tess სანრაიზ შავი ჩაი,51,510,51,510,100,100,0
142,მომწოდებელი 3,მაღაზია 3,ღვინო,1003,07.02.2023,თელავის მარანი ცქრიალა თეთრი ნახ.მშრალი ღვინო,37,333,36,324,97,97,0
143,მომწოდებელი 3,მაღაზია 3,ზეთისხილი,1003,07.02.2023,ტომატპასტა 300 გრ გრენდვილი,35,525,35,525,100,100,0
144,მომწოდებელი 3,მაღაზია 3,სარეცხი ფხვნილი,1003,07.02.2023,Melochi Zhizni ნაგვის,49,539,49,539,100,100,0
145,მომწოდებელი 3,მაღაზია 3,სიგარეტი,1003,07.02.2023,Kool Menthol,36,216,36,216,100,100,0
146,მომწოდებელი 3,მაღაზია 3,ტორტი/ ნამცხვარი,1003,07.02.2023,Cachet შავი შოკოლადი პერუ,56,504,56,504,100,100,0
147,მომწოდებელი 3,მაღაზია 3,დაფასოებული კანფეტი,1003,07.02.2023,KONTI-შოკოლადის კანფეტი Тими ნაღებით 1000 გრ.(4),10,150,10,150,100,100,0
148,მომწოდებელი 3,მაღაზია 3,ბისკვიტი/ ზეფირი,1003,07.02.2023,ბარამბო - ვაფლი თხილით 240 გრ,36,504,36,504,100,100,0
149,მომწოდებელი 3,მაღაზია 3,კექსი/ რულეტი/ ქაფქეიქი,1003,07.02.2023,DR. QUENDT-ნამხცვარი   ასოები,48,672,48,672,100,100,0
150,მომწოდებელი 4,მაღაზია 4,მაკარონი,452,12.02.2023,ანაკომი - სწრაფი მომზ. წვნიანი ლაფშით და ქათმის ბულიონით (24) 50 გრ,55,770,55,770,100,100,1
151,მომწოდებელი 4,მაღაზია 4,არაყი,452,12.02.2023,Grey Goose არაყი 40,24,360,22,330,92,92,1
152,მომწოდებელი 4,მაღაზია 4,ბურღულეული,452,12.02.2023,იასნო სოლნიშკო - შვრიის ფაფა ასორტი,44,660,44,660,100,100,1
153,მომწოდებელი 4,მაღაზია 4,შოკოლადის ფილა,452,12.02.2023,Dirol საზამთროს არომატით,47,188,47,188,100,100,1
154,მომწოდებელი 4,მაღაზია 4,ტეკილა და სხვა,452,12.02.2023,Balvenie Doublewood ვისკი 43 ,34,408,34,408,100,100,1
155,მომწოდებელი 4,მაღაზია 4,ფქვილი,452,12.02.2023,Makfa ფქვილი,22,132,22,132,100,100,1
156,მომწოდებელი 4,მაღაზია 4,ნაღები,452,12.02.2023,Alpro სოიოს სასმელი ნუშით,13,169,13,169,100,100,1
157,მომწოდებელი 4,მაღაზია 4,ელექტროსიგარეტის აქსესუარები,452,12.02.2023,Kangertech-Mini Protank 2,27,108,27,108,100,100,1
158,მომწოდებელი 4,მაღაზია 4,მწნილეული,452,12.02.2023,ღვიძლის ფუაგრა 200 გრ,9,90,6,60,67,67,1
159,მომწოდებელი 4,მაღაზია 4,ნათურები,452,12.02.2023,Selpak ტუალეტის ქაღალდი,18,126,18,126,100,100,1
160,მომწოდებელი 4,მაღაზია 4,ქართული ყველი,452,12.02.2023,ყველი ლაბნე პრეზიდენტი 200 გრ,37,407,37,407,100,100,1
161,მომწოდებელი 4,მაღაზია 4,ზეთისხილი,452,12.02.2023,ზეთისხილი შავი უკურკო კოპოლივა,27,243,27,243,100,100,1
162,მომწოდებელი 4,მაღაზია 4,ტეკილა და სხვა,452,12.02.2023,Generous Gin 0.7 L 44 - ჯინი ჯენეროუსი ,9,81,9,81,100,100,1
163,მომწოდებელი 4,მაღაზია 4,სუნელები,452,12.02.2023,yamuna - კვიტინი ჟელე ფიქსი 3/1 20გრ. (იამ),36,468,36,468,100,100,1
164,მომწოდებელი 4,მაღაზია 4,იოგურტი,452,12.02.2023,ჩუდო მარწყვის რძიანი კოქტეილი 5.5,37,555,37,555,100,100,1
165,მომწოდებელი 4,მაღაზია 4,იმპორტული ხილი,452,12.02.2023,ფორთოხალი (იმპ),53,371,53,371,100,100,1
166,მომწოდებელი 4,მაღაზია 4,კაკაო,452,12.02.2023,Twinings მწვანე ჟასმინი ჩაი,15,60,15,60,100,100,1
167,მომწოდებელი 4,მაღაზია 4,ტეკილა და სხვა,452,12.02.2023,Clan Macgregor ვისკი 40,17,153,17,153,100,100,1
168,მომწოდებელი 4,მაღაზია 4,ლუდი იმპორტული,452,12.02.2023,კრუშოვიცე ალუმინის ქილა,11,165,11,165,100,100,1
169,მომწოდებელი 4,მაღაზია 4,ძროხის ხორცი,452,12.02.2023,საქონლის ჩალაღაჯი,41,410,41,410,100,100,1
170,მომწოდებელი 4,მაღაზია 4,ჰიგიენური საფენი,452,12.02.2023,Discreet Deo ჰიგიენური საფენი,12,108,12,108,100,100,1
171,მომწოდებელი 4,მაღაზია 4,ელექტრო საქონელი,452,12.02.2023,Linus დამაგრძელებელი დამიწებით,56,448,56,448,100,100,1
172,მომწოდებელი 4,მაღაზია 4,ტეკილა და სხვა,452,12.02.2023,SIERA - SILVER - ტეკილა  სიერა  სილვერი 38 1ლ,45,315,45,315,100,100,1
173,მომწოდებელი 4,მაღაზია 4,ხინკალი/ პილმენი/ ვარენიკი,452,12.02.2023,ზღვის კარჩხანა დორადო,9,117,9,117,100,100,1
174,მომწოდებელი 4,მაღაზია 4,სარეცხი სითხე,452,12.02.2023,Smile მინიონები სველი ხელსახოცი,55,825,32,480,58,58,1
175,მომწოდებელი 4,მაღაზია 4,მინის საწმენდი სითხე,452,12.02.2023,ზევა საბავშვო სველი ტუალეტის ქაღალდი,36,288,36,288,100,100,1
176,მომწოდებელი 4,მაღაზია 4,ტორტი/ ნამცხვარი,452,12.02.2023,ბაბაევსკი შოკოლადის ფილა,16,96,16,96,100,100,1
177,მომწოდებელი 4,მაღაზია 4,ასაწონი თხილეული,452,12.02.2023,გარგარი,31,403,31,403,100,100,1
178,მომწოდებელი 4,მაღაზია 4,იმპორტული მდნარი ყველი,452,12.02.2023,Ementaler Cheese ყველი,16,96,16,96,100,100,1
179,მომწოდებელი 4,მაღაზია 4,იმპორტული ხილი,452,12.02.2023,პომელო (ასაწონი) (იმპ),38,418,38,418,100,100,1
180,მომწოდებელი 4,მაღაზია 4,იმპორტული ხილი,452,12.02.2023,ჰერბია - ხახვი გარჩეული 0.500 გრ.,23,92,23,92,100,100,1
181,მომწოდებელი 4,მაღაზია 4,ლიქიორი,452,12.02.2023,SARAJISHVILI-სპირტიანი მაგარი სასმელი 3* 0.5,52,728,52,728,100,100,1
182,მომწოდებელი 4,მაღაზია 4,სიმინდის კონსერვი,452,12.02.2023,Lorado ტკბილი სიმინდი,38,228,38,228,100,100,1
183,მომწოდებელი 4,მაღაზია 4,ფოლგა/ პერგამენტი,452,12.02.2023,არიელი - ფერადი,42,420,42,420,100,100,1
184,მომწოდებელი 4,მაღაზია 4,შოკოლადის ნაკრები,452,12.02.2023,Barambo Export რძიანი შოკოლადის ფილა ნიგვზით,10,110,10,110,100,100,1
185,მომწოდებელი 4,მაღაზია 4,ღვინო,452,12.02.2023,მარანი ფიროსმანი ღვინო,52,312,52,312,100,100,1
186,მომწოდებელი 4,მაღაზია 4,წვენი,452,12.02.2023,კოკა-კოლა  გაზიანი სასმელი  2ლ,43,473,43,473,100,100,1
187,მომწოდებელი 4,მაღაზია 4,პური დაჭრილი რუხი ბატონი,452,12.02.2023,ბაგეტი ნივრით,54,378,16,112,30,30,1
188,მომწოდებელი 4,მაღაზია 4,ქართული ყველი,452,12.02.2023,შებოლილი დათლილი სულგუნი ვაკუმში (ქ),22,176,22,176,100,100,1
189,მომწოდებელი 4,მაღაზია 4,თევზის კონსერვი,452,12.02.2023,კიტრის მწნილი პიკული,52,728,52,728,100,100,1
190,მომწოდებელი 4,მაღაზია 4,ელექტრო საქონელი,452,12.02.2023,Panasonic-ელემენტი LR03AP/4BP,15,135,15,135,100,100,1
191,მომწოდებელი 4,მაღაზია 4,სოსისი,452,12.02.2023,Vici კრევეტები ოთხკუთხა კუდით,12,168,12,168,100,100,1
192,მომწოდებელი 4,მაღაზია 4,ასაწონი თხილეული,452,12.02.2023,ოხრახუში (ქ),15,135,15,135,100,100,1
193,მომწოდებელი 4,მაღაზია 4,ტეკილა და სხვა,452,12.02.2023,GLENMORANGIE - ORIGINAL  GB 0.700 \40 - ვისკი  გლენმორანჟი  ორიგინალი,36,216,36,216,100,100,1
194,მომწოდებელი 4,მაღაზია 4,მინის საწმენდი სითხე,452,12.02.2023,პერვოლი  თხევადი  ქსოვილის აღმდგენი  1 ლ. (8),7,91,7,91,100,100,1
195,მომწოდებელი 4,მაღაზია 4,ლიქიორი,452,12.02.2023,Hennessy Vs 0 7 L 40  - კონიაკი ჰენესი ვი ესი,22,308,22,308,100,100,1
196,მომწოდებელი 4,მაღაზია 4,ქართული ყველი,452,12.02.2023,ალვანის ცხვრის გუდა,47,235,47,235,100,100,1
197,მომწოდებელი 4,მაღაზია 4,ნათურები,452,12.02.2023,Palmolive Olive,21,273,21,273,100,100,1
198,მომწოდებელი 4,მაღაზია 4,ზეთი,452,12.02.2023,სელის ზეთი,24,312,24,312,100,100,1
199,მომწოდებელი 4,მაღაზია 4,ქართული მდნარი ყველი,452,12.02.2023,Almetteმდნარი ყველი 16,21,210,20,200,95,95,1
200,მომწოდებელი 4,მაღაზია 4,სარეცხი სითხე,452,12.02.2023,არიელი - ლენორ ფერადი,54,810,54,810,100,100,1
201,მომწოდებელი 4,მაღაზია 4,ჰიგიენური საფენი,452,12.02.2023,Olways Ultra ულტრა ნორმალი ჰიგიენური საფენი,8,112,8,112,100,100,1
202,მომწოდებელი 4,მაღაზია 4,იოგურტი,452,12.02.2023,სანტისიმო ალუბალი ნაღებით 2.5,48,384,48,384,100,100,1
203,მომწოდებელი 5, მაღაზია 5,შავი ჩაი,295,14.02.2023,ლებო ყავა სერენადა მარცვალი,17,221,17,221,100,100,1
204,მომწოდებელი 5, მაღაზია 5,სოსისი,295,14.02.2023,Vici კიბორჩხალის ჩხირები,39,429,39,429,100,100,1
205,მომწოდებელი 5, მაღაზია 5,საკანცელარიო საქონელი,295,14.02.2023,ერთჯერადი საშეტი ბლუ 3-10ც,51,561,51,561,100,100,1
206,მომწოდებელი 5, მაღაზია 5,ჩაი ასაწონი,295,14.02.2023,Nescafe ესპრესო ყავა,42,336,42,336,100,100,1
207,მომწოდებელი 5, მაღაზია 5,ძროხის ფარში,295,14.02.2023,ფრანქფურტერი საქონლის,8,96,8,96,100,100,1
208,მომწოდებელი 5, მაღაზია 5,ნაღები,295,14.02.2023,კარაქი /Arla/ ლურპაკი 82 /24*100 გრ,10,100,10,100,100,100,1
209,მომწოდებელი 5, მაღაზია 5,ტეკილა და სხვა,295,14.02.2023,სარაჯიშვილი-ბრენდი  VS  700მლ,12,120,12,120,100,100,1
210,მომწოდებელი 5, მაღაზია 5,ქართული ხილი,295,14.02.2023,ბროკოლი(ქ),19,133,19,133,100,100,1
211,მომწოდებელი 5, მაღაზია 5,ქართული ყველი,295,14.02.2023,დაწნული შებოლილი სულგუნი,53,689,52,676,98,98,1
212,მომწოდებელი 5, მაღაზია 5,სოკოს კონსერვი,295,14.02.2023,შავი გველთევზას კონსერვი ზეთში,28,224,28,224,100,100,1
213,მომწოდებელი 5, მაღაზია 5,ძროხის ხორცი,295,14.02.2023,ნედლი შეციებული ქართული ქათამი,44,352,44,352,100,100,1
214,მომწოდებელი 5, მაღაზია 5,იმპორტული ხილი,295,14.02.2023,ხახვი(ქ),13,182,13,182,100,100,1
215,მომწოდებელი 5, მაღაზია 5,ბისკვიტი/ ზეფირი,295,14.02.2023,G&G შოკოლადის ხვეულა,22,308,22,308,100,100,1
216,მომწოდებელი 5, მაღაზია 5,ქათმის ფილე,295,14.02.2023,ქათმის ასორტი ფილე premio 0 900,9,135,9,135,100,100,1
217,მომწოდებელი 5, მაღაზია 5,მაწონი/ არაჟანი,295,14.02.2023,სანტისიმო გარგარის ჯემით და ნაღებით 3.5,39,234,39,234,100,100,1
218,მომწოდებელი 5, მაღაზია 5,ტეკილა და სხვა,295,14.02.2023,Bombey Sapphire ჯინი 40,23,184,23,184,100,100,1
219,მომწოდებელი 5, მაღაზია 5,კეფირი,295,14.02.2023,დაჩა მარგარინი ზლოტა,17,119,17,119,100,100,1
220,მომწოდებელი 5, მაღაზია 5,ნაყინი ბატონი,295,14.02.2023,ნაყინი-შოკოლადის გრილიაჟი (ვედრო) 500გრ,50,250,50,250,100,100,1
221,მომწოდებელი 5, მაღაზია 5,დაფასოებული ხილი,295,14.02.2023,მარწყვი,46,322,46,322,100,100,1
222,მომწოდებელი 5, მაღაზია 5,ჭაჭა,295,14.02.2023,ჭაჭა საფერავი 0.5 ლ.ბ.,50,650,50,650,100,100,1
223,მომწოდებელი 5, მაღაზია 5,მაკარონი,295,14.02.2023,დოშირაკი - წვნიანი ქათმის (თეფში  90გრ/24ც),40,560,40,560,100,100,1
224,მომწოდებელი 5, მაღაზია 5,ხინკალი/ პილმენი/ ვარენიკი,295,14.02.2023,VICI - ხეკის ფილე პრიორიტეტი 300 გრ,50,650,50,650,100,100,1
225,მომწოდებელი 5, მაღაზია 5,მარილი,295,14.02.2023,Kalas Classic იოდიზირებული მარილი,12,60,12,60,100,100,1
226,მომწოდებელი 5, მაღაზია 5,ღვინო,295,14.02.2023,ბადაგონი ალაზნის ველი წითელი,49,490,34,340,69,69,1
227,მომწოდებელი 5, მაღაზია 5,შოკოლადის ბატონი,295,14.02.2023,Trolli წვეთები ჟელიბონი,54,216,54,216,100,100,1
228,მომწოდებელი 5, მაღაზია 5,ხორცის კონსერვი,295,14.02.2023,სელსკოე საქონლის ხორცის კონსერვი,7,28,7,28,100,100,1
229,მომწოდებელი 5, მაღაზია 5,ბავშვთა ჰიგიენა,295,14.02.2023,Tic-Tac საბავშვო საპონი,47,564,47,564,100,100,1
230,მომწოდებელი 5, მაღაზია 5,ყავა ერთჯერადი,295,14.02.2023,Maccoffee ცხელი შოკოლადი,27,378,27,378,100,100,1
231,მომწოდებელი 5, მაღაზია 5,ბისკვიტი/ ზეფირი წონით,295,14.02.2023,ეტი-ბისკვიტი კაკაოთი წონით,41,328,41,328,100,100,1
232,მომწოდებელი 5, მაღაზია 5,ნაყინი ბატონი,295,14.02.2023,რუდ მალინის იოგურტით კორნეტო ნაყინი,33,297,33,297,100,100,1
233,მომწოდებელი 5, მაღაზია 5,ბამბა,295,14.02.2023,Lady Cotton სახის ბამბა,52,780,52,780,100,100,1
234,მომწოდებელი 5, მაღაზია 5,სოსისი,295,14.02.2023,Qualiko ქათმის კატლეტი შკილნა,18,126,18,126,100,100,1
235,მომწოდებელი 5, მაღაზია 5,ღვინო,295,14.02.2023,Asti Martini Brut შუშხუნა ღვინო,46,460,46,460,100,100,1
236,მომწოდებელი 5, მაღაზია 5,ტომატპასტა,295,14.02.2023,ხიზილალა ყვითელი,35,140,35,140,100,100,1
237,მომწოდებელი 5, მაღაზია 5,ლუდი ქართული,295,14.02.2023,არგო ღია ფერის ლუდი 12.5,12,108,12,108,100,100,1
238,მომწოდებელი 5, მაღაზია 5,კანფეტი წონით,295,14.02.2023,ბელვიტა ნამცხვარი თაფლით წონით,7,105,7,105,100,100,1
239,მომწოდებელი 5, მაღაზია 5,შოკოლადის ნაკრები,295,14.02.2023,Kinder Joy კვერცხი ქინდერ გოგონებისთვის,42,378,42,378,100,100,1
240,მომწოდებელი 5, მაღაზია 5,სხვადასხვა ზღვის პროდუქტი,295,14.02.2023,(გაციებული) კრაბის ჩხირი - 100 გ 20ც/ყ,24,192,24,192,100,100,1
241,მომწოდებელი 5, მაღაზია 5,იმპორტული მდნარი ყველი,295,14.02.2023,Ementaler Cheese ყველი,36,396,36,396,100,100,1
242,მომწოდებელი 5, მაღაზია 5,იმპორტული ხილი,295,14.02.2023,პომელო (ასაწონი) (იმპ),46,690,42,630,91,91,1
243,მომწოდებელი 5, მაღაზია 5,იმპორტული ხილი,295,14.02.2023,ჰერბია - ხახვი გარჩეული 0.500 გრ.,9,54,9,54,100,100,1
244,მომწოდებელი 6,მაღაზია 6,სიგარეტი,654,15.02.2023,Pall Mall Red,22,330,22,330,100,100,1
245,მომწოდებელი 6,მაღაზია 6,შაქარი,654,15.02.2023,Supremo შაქარი,22,154,22,154,100,100,1
246,მომწოდებელი 6,მაღაზია 6,იმპორტული ბოსტნეული,654,15.02.2023,კიტრი ჰოლანდია (ქ),26,130,26,130,100,100,1
247,მომწოდებელი 6,მაღაზია 6,სუნელები,654,15.02.2023,ოჯახური უცხო სუნელი (დაფქული),8,96,8,96,100,100,1
248,მომწოდებელი 6,მაღაზია 6,ღვინო,654,15.02.2023,Asti Mrtini შუშხუნა ღვინო,54,378,54,378,100,100,1
249,მომწოდებელი 6,მაღაზია 6,მაკარონი,654,15.02.2023,G&G Penne Rigate მაკარონი,56,616,56,616,100,100,1
250,მომწოდებელი 6,მაღაზია 6,სხვადასხვა ზღვის პროდუქტი,654,15.02.2023,პიცა  Passionata /Iglotex/ მოცარელა/ 6*330 გ,14,126,14,126,100,100,1
251,მომწოდებელი 6,მაღაზია 6,ჭურჭლის სარეცხი საშუალებები,654,15.02.2023,Zewa სახის საწმენდი,9,54,9,54,100,100,1
252,მომწოდებელი 6,მაღაზია 6,იმპორტული ბოსტნეული,654,15.02.2023,კიტრი-პომიდვრის სალათი 1 კგ.,14,98,14,98,100,100,1
253,მომწოდებელი 6,მაღაზია 6,მაწონი/ არაჟანი,654,15.02.2023,სანტისიმო Amore ალუბლის ბრაუნი 7,52,416,52,416,100,100,1
254,მომწოდებელი 6,მაღაზია 6,წონის ორცხობილა/ ვაფლი,654,15.02.2023,შოლენ ოზმო რძიანი შოკოლადი წონით,32,256,32,256,100,100,1
255,მომწოდებელი 6,მაღაზია 6,ასაწონი თხილეული,654,15.02.2023,ალუჩა,8,80,8,80,100,100,1
256,მომწოდებელი 6,მაღაზია 6,ჰიგიენური საფენი,654,15.02.2023,Discreet Deo ჰიგიენური საფენი,56,448,56,448,100,100,1
257,მომწოდებელი 6,მაღაზია 6,ელექტრო საქონელი,654,15.02.2023,Linus დამაგრძელებელი დამიწებით,33,132,33,132,100,100,1
258,მომწოდებელი 6,მაღაზია 6,ტეკილა და სხვა,654,15.02.2023,SIERA - SILVER - ტეკილა  სიერა  სილვერი 38 1ლ,35,385,21,231,60,60,1
259,მომწოდებელი 6,მაღაზია 6,ხინკალი/ პილმენი/ ვარენიკი,654,15.02.2023,ზღვის კარჩხანა დორადო,43,215,43,215,100,100,1
260,მომწოდებელი 6,მაღაზია 6,სარეცხი სითხე,654,15.02.2023,Smile მინიონები სველი ხელსახოცი,18,252,18,252,100,100,1
261,მომწოდებელი 6,მაღაზია 6,მინის საწმენდი სითხე,654,15.02.2023,ზევა საბავშვო სველი ტუალეტის ქაღალდი,6,42,6,42,100,100,1
262,მომწოდებელი 6,მაღაზია 6,ტორტი/ ნამცხვარი,654,15.02.2023,ბაბაევსკი შოკოლადის ფილა,27,108,27,108,100,100,1
263,მომწოდებელი 6,მაღაზია 6,ასაწონი თხილეული,654,15.02.2023,გარგარი,33,198,33,198,100,100,1
264,მომწოდებელი 6,მაღაზია 6,იმპორტული მდნარი ყველი,654,15.02.2023,Ementaler Cheese ყველი,33,132,33,132,100,100,1
265,მომწოდებელი 6,მაღაზია 6,ლიქიორი,654,15.02.2023,SARAJISHVILI-სპირტიანი მაგარი სასმელი 3* 0.5,33,231,33,231,100,100,1
266,მომწოდებელი 6,მაღაზია 6,სიმინდის კონსერვი,654,15.02.2023,Lorado ტკბილი სიმინდი,12,96,12,96,100,100,1
267,მომწოდებელი 6,მაღაზია 6,ფოლგა/ პერგამენტი,654,15.02.2023,არიელი - ფერადი,27,162,27,162,100,100,1
268,მომწოდებელი 6,მაღაზია 6,შოკოლადის ნაკრები,654,15.02.2023,Barambo Export რძიანი შოკოლადის ფილა ნიგვზით,55,440,55,440,100,100,1
269,მომწოდებელი 6,მაღაზია 6,ღვინო,654,15.02.2023,მარანი ფიროსმანი ღვინო,8,64,8,64,100,100,1
270,მომწოდებელი 6,მაღაზია 6,წვენი,654,15.02.2023,კოკა-კოლა  გაზიანი სასმელი  2ლ,39,585,39,585,100,100,1
271,მომწოდებელი 6,მაღაზია 6,ქართული ყველი,654,15.02.2023,შებოლილი დათლილი სულგუნი ვაკუმში (ქ),24,288,24,288,100,100,1
272,მომწოდებელი 6,მაღაზია 6,თევზის კონსერვი,654,15.02.2023,კიტრის მწნილი პიკული,49,539,39,429,80,80,1
273,მომწოდებელი 6,მაღაზია 6,ელექტრო საქონელი,654,15.02.2023,Panasonic-ელემენტი LR03AP/4BP,53,318,53,318,100,100,1
274,მომწოდებელი 6,მაღაზია 6,სოსისი,654,15.02.2023,Vici კრევეტები ოთხკუთხა კუდით,50,350,50,350,100,100,1
275,მომწოდებელი 6,მაღაზია 6,ასაწონი თხილეული,654,15.02.2023,ოხრახუში (ქ),35,245,35,245,100,100,1
276,მომწოდებელი 6,მაღაზია 6,ტეკილა და სხვა,654,15.02.2023,GLENMORANGIE - ORIGINAL  GB 0.700 \40 - ვისკი  გლენმორანჟი  ორიგინალი,21,126,21,126,100,100,1
277,მომწოდებელი 6,მაღაზია 6,მინის საწმენდი სითხე,654,15.02.2023,პერვოლი  თხევადი  ქსოვილის აღმდგენი  1 ლ. (8),27,189,27,189,100,100,1
278,მომწოდებელი 6,მაღაზია 6,ლიქიორი,654,15.02.2023,Hennessy Vs 0 7 L 40  - კონიაკი ჰენესი ვი ესი,13,182,13,182,100,100,1
279,მომწოდებელი 6,მაღაზია 6,ქართული ყველი,654,15.02.2023,ალვანის ცხვრის გუდა,54,756,54,756,100,100,1
280,მომწოდებელი 6,მაღაზია 6,ნათურები,654,15.02.2023,Palmolive Olive,9,72,9,72,100,100,1
281,მომწოდებელი 6,მაღაზია 6,ზეთი,654,15.02.2023,სელის ზეთი,10,150,10,150,100,100,1
282,მომწოდებელი 6,მაღაზია 6,ქართული მდნარი ყველი,654,15.02.2023,Almetteმდნარი ყველი 16,37,518,37,518,100,100,1
283,მომწოდებელი 6,მაღაზია 6,სარეცხი სითხე,654,15.02.2023,არიელი - ლენორ ფერადი,32,448,32,448,100,100,1
284,მომწოდებელი 6,მაღაზია 6,ჰიგიენური საფენი,654,15.02.2023,Olways Ultra ულტრა ნორმალი ჰიგიენური საფენი,32,288,32,288,100,100,1
285,მომწოდებელი 6,მაღაზია 6,იოგურტი,654,15.02.2023,სანტისიმო ალუბალი ნაღებით 2.5,9,45,9,45,100,100,1
286,მომწოდებელი 6,მაღაზია 6,შავი ჩაი,654,15.02.2023,ლებო ყავა სერენადა მარცვალი,28,168,28,168,100,100,1
287,მომწოდებელი 6,მაღაზია 6,სოსისი,654,15.02.2023,Vici კიბორჩხალის ჩხირები,28,280,22,220,79,79,1
288,მომწოდებელი 6,მაღაზია 6,ჯემები და მურაბები,654,15.02.2023,კულა - ვაშლის ჯემი 900გრ,9,81,9,81,100,100,1
289,მომწოდებელი 6,მაღაზია 6,ბავშვთა ჰიგიენა,654,15.02.2023,Reach ბავშვის კბილის ჯაგრისი,37,259,37,259,100,100,1
290,მომწოდებელი 6,მაღაზია 6,სუნელები,654,15.02.2023,ხომლი - ხმელი სუნელი დაფქვილი 15 გ,7,42,7,42,100,100,1
291,მომწოდებელი 6,მაღაზია 6,ხინკალი/ პილმენი/ ვარენიკი,654,15.02.2023,რუსული ზუთხის სტეიკი,51,612,51,612,100,100,1
292,მომწოდებელი 6,მაღაზია 6,შოკოლადის ბატონი,654,15.02.2023,Bon Pari მჟავე ჭიაყელა საღეჭი მარმელადი,31,124,31,124,100,100,1
293,მომწოდებელი 6,მაღაზია 6,კბილის ჯაგრისი,654,15.02.2023,Colgate Triple Action კბილის პასტა,54,594,54,594,100,100,1
294,მომწოდებელი 6,მაღაზია 6,კექსი/ რულეტი/ ქაფქეიქი,654,15.02.2023,Bahlsen ნამცხვარი ჩოკინი,36,288,36,288,100,100,1
295,მომწოდებელი 6,მაღაზია 6,გაზიანი ტკბილი სასმელები,654,15.02.2023,Fanta ფორთოხალი,49,343,49,343,100,100,1
296,მომწოდებელი 6,მაღაზია 6,წებო,654,15.02.2023,კომპაქტი სვ ხელსახოცი ყვავილოვანი სურნელით,44,396,44,396,100,100,1
297,მომწოდებელი 6,მაღაზია 6,პური ლავაში,654,15.02.2023,ტრადიციული მინი ბაგეტი,26,208,26,208,100,100,1
298,მომწოდებელი 7,მაღაზია 7,პური შოთის,1003,18.02.2023,არტიზანო პური,26,312,26,312,100,100,1
299,მომწოდებელი 7,მაღაზია 7,ღვინო,1003,18.02.2023,მარანი კონდოლი მწვანე ქისი ღვინო,8,88,8,88,100,100,1
300,მომწოდებელი 7,მაღაზია 7,მაკარონი,1003,18.02.2023,დოშირაკი - წვნიანი საქონლის (თეფში 90გრ/24ც),12,108,12,108,100,100,1
301,მომწოდებელი 7,მაღაზია 7,კექსი/ რულეტი/ ქაფქეიქი,1003,18.02.2023,Hamlet შოკოლადი ტრუფელი კაკაოთიშამპანიურით,46,322,43,301,93,93,1
302,მომწოდებელი 7,მაღაზია 7,ჟურნალ-გაზეთები,1003,18.02.2023,კრიალა გურმანი ხელსახოცი,38,266,38,266,100,100,1
303,მომწოდებელი 7,მაღაზია 7,შოკოლადის ფილა,1003,18.02.2023,ტყლაპი ტყემლის აგროფაი 70 გრ,24,192,24,192,100,100,1
304,მომწოდებელი 7,მაღაზია 7,ქართული ყველი,1003,18.02.2023,Mlekovita ლორით მდნარი ყველი,14,112,14,112,100,100,1
305,მომწოდებელი 7,მაღაზია 7,სხვადასხვა ზღვის პროდუქტი,1003,18.02.2023,(გაცივებული) ზეთში დამარინადებული მიდიები ЛЮБО ЕСТЬ 200 გ 10 ც/ყ,13,182,13,182,100,100,1
306,მომწოდებელი 7,მაღაზია 7,ძროხის ხორცი,1003,18.02.2023,ღორის ხორცი ტყავით - ასაწონი,38,266,38,266,100,100,1
307,მომწოდებელი 7,მაღაზია 7,ზეთი,1003,18.02.2023,Coopoliva ზეითუნის ზეთი,11,143,11,143,100,100,1
308,მომწოდებელი 7,მაღაზია 7,ზეთი,1003,18.02.2023,Hutesa ზეითუნის ზეთი ექსტრა,31,403,31,403,100,100,1
309,მომწოდებელი 7,მაღაზია 7,მაწონი/ არაჟანი,1003,18.02.2023,სანტისიმო Amore ტირამისუ 7,48,576,48,576,100,100,1
310,მომწოდებელი 7,მაღაზია 7,ვაფლი/ ორცხობილა,1003,18.02.2023,ულქერი - ო ლალა - სუფლე რძიანი შოკოლადი - 70გ*12,12,120,12,120,100,100,1
311,მომწოდებელი 7,მაღაზია 7,შამპუნი/ ბალზამი/ კონდიციონერი,1003,18.02.2023,პანტენის კონდიციონერი ბამბუკი 6x200გ,55,825,55,825,100,100,1
312,მომწოდებელი 7,მაღაზია 7,სუნელები,1003,18.02.2023,ოჯახური რეჰანი,26,286,26,286,100,100,1
313,მომწოდებელი 7,მაღაზია 7,ქათმის ფილე,1003,18.02.2023,G+G - გაყინული ბოსტბნეული კარაქით 300 გრ,10,120,10,120,100,100,1
314,მომწოდებელი 7,მაღაზია 7,ბისკვიტი/ ზეფირი,1003,18.02.2023,Milka ვაფლი შოკოლადით,16,80,16,80,100,100,1
315,მომწოდებელი 7,მაღაზია 7,ყავა ერთჯერადი,1003,18.02.2023,Nescafe ერთჯერადი ხსნადი ყავა გოლდი,23,276,23,276,100,100,1
316,მომწოდებელი 7,მაღაზია 7,იმპორტული მდნარი ყველი,1003,18.02.2023,President Le Blue 50,45,450,45,450,100,100,1
317,მომწოდებელი 7,მაღაზია 7,კბილის პასტა,1003,18.02.2023,Oral B კლინიკა კბილის ძაფი,40,480,40,480,100,100,1
318,მომწოდებელი 7,მაღაზია 7,რძე,1003,18.02.2023,დომიკ ვ დერევნე სტერილიზებული რძე 6.0,21,252,20,240,95,95,1
319,მომწოდებელი 7,მაღაზია 7,შოკოლადის ნაკრები,1003,18.02.2023,Oreo ნამცხვარი კაკაო და ვანილით,10,80,10,80,100,100,1
320,მომწოდებელი 7,მაღაზია 7,საპონი მყარი,1003,18.02.2023,Frosch ბროწეულის თხევადი საპონი,23,276,23,276,100,100,1
321,მომწოდებელი 7,მაღაზია 7,ღორის ფარში,1003,18.02.2023,ძეხვი სალიამი,54,648,54,648,100,100,1
322,მომწოდებელი 7,მაღაზია 7,ბავშვთა ჰიგიენა,1003,18.02.2023,კომპაქტი ბავ. სვ. ხელსახოცი ოტომან NEON 20 ც,55,660,55,660,100,100,1
323,მომწოდებელი 7,მაღაზია 7,ხინკალი/ პილმენი/ ვარენიკი,1003,18.02.2023,ზღვის ქორჭილა სიბასი,10,50,10,50,100,100,1
324,მომწოდებელი 7,მაღაზია 7,ბამბის დისკები,1003,18.02.2023,ბიფრეშ ბამბის ცხვირის ჩხირი 200 ცალიანი (0-3 წ),24,120,0,0,0,0,1
325,მომწოდებელი 7,მაღაზია 7,ხინკალი/ პილმენი/ ვარენიკი,1003,18.02.2023,ქაშაყის ფილე კამით,11,66,11,66,100,100,1
326,მომწოდებელი 7,მაღაზია 7,კრეკერები,1003,18.02.2023,ფრიქსი კლასიკი ჩიფსი,12,60,12,60,100,100,1
327,მომწოდებელი 7,მაღაზია 7,სუნელები,1003,18.02.2023,იამუნა ჟელატინი,18,126,18,126,100,100,1
328,მომწოდებელი 7,მაღაზია 7,ქართული ხილი,1003,18.02.2023,მსხალი გულაბი 1 კგ.,9,108,9,108,100,100,1
329,მომწოდებელი 7,მაღაზია 7,სიგარეტი,1003,18.02.2023,Kent HD,56,448,56,448,100,100,1
330,მომწოდებელი 7,მაღაზია 7,კექსი/ რულეტი/ ქაფქეიქი,1003,18.02.2023,G+G ორცხობილების ნაკრები,11,121,11,121,100,100,1
331,მომწოდებელი 7,მაღაზია 7,პური შოთის,1003,18.02.2023,ცეხვილი,20,220,20,220,100,100,1
332,მომწოდებელი 7,მაღაზია 7,ხინკალი/ პილმენი/ ვარენიკი,1003,18.02.2023,ხიზილალა იმიტირებული შავი ოკეანის ენერგია პრემიუმი 400 გრ პლასტიკის ქილა,37,555,37,555,100,100,1
333,მომწოდებელი 7,მაღაზია 7,შოკოლადის ბატონი,1003,18.02.2023,3 კორაჩკი - სუხარიკი ტომატ მწვანილით 100/25,54,702,24,312,44,44,1
334,მომწოდებელი 7,მაღაზია 7,კექსი/ რულეტი/ ქაფქეიქი,1003,18.02.2023,ვაფლი რეტრო ლიმნის 0.3კგ/12,47,470,47,470,100,100,1
335,მომწოდებელი 7,მაღაზია 7,კეფირი,1003,18.02.2023,LUNA მარგარინი,8,56,8,56,100,100,1
336,მომწოდებელი 7,მაღაზია 7,შოკოლადის ნაკრები,1003,18.02.2023,Nestle შავი შოკოლადის ფილა,33,231,33,231,100,100,1
337,მომწოდებელი 7,მაღაზია 7,შოკოლადის ბატონი,1003,18.02.2023,7DAYS - მიდი კრუასანი მარწყვი 60 გრ (20),9,72,9,72,100,100,1
338,მომწოდებელი 7,მაღაზია 7,ბოსტნეულის კონსერვი,1003,18.02.2023,Reggia გომიტი რიგატი ნიჟარა,41,287,41,287,100,100,1
339,მომწოდებელი 7,მაღაზია 7,ღორის ხორცი,1003,18.02.2023,Flus ტურისტი უნგრული ძეხვი,41,369,41,369,100,100,1
340,მომწოდებელი 7,მაღაზია 7,ყავა ასაწონი,1003,18.02.2023,Tess სანრაიზ შავი ჩაი,12,48,12,48,100,100,1
341,მომწოდებელი 7,მაღაზია 7,ღვინო,1003,18.02.2023,თელავის მარანი ცქრიალა თეთრი ნახ.მშრალი ღვინო,13,195,13,195,100,100,1
342,მომწოდებელი 7,მაღაზია 7,სარეცხი ფხვნილი,1003,18.02.2023,Melochi Zhizni ნაგვის,27,297,27,297,100,100,1
343,მომწოდებელი 7,მაღაზია 7,სიგარეტი,1003,18.02.2023,Kool Menthol,26,182,26,182,100,100,1
344,მომწოდებელი 7,მაღაზია 7,ტორტი/ ნამცხვარი,1003,18.02.2023,Cachet შავი შოკოლადი პერუ,35,280,35,280,100,100,1
345,მომწოდებელი 7,მაღაზია 7,დაფასოებული კანფეტი,1003,18.02.2023,KONTI-შოკოლადის კანფეტი Тими ნაღებით 1000 გრ.(4),50,550,50,550,100,100,1
346,მომწოდებელი 7,მაღაზია 7,ბისკვიტი/ ზეფირი,1003,18.02.2023,ბარამბო - ვაფლი თხილით 240 გრ,17,170,17,170,100,100,1
347,მომწოდებელი 7,მაღაზია 7,კექსი/ რულეტი/ ქაფქეიქი,1003,18.02.2023,DR. QUENDT-ნამხცვარი   ასოები,34,374,34,374,100,100,1
348,მომწოდებელი 7,მაღაზია 7,მაკარონი,1003,18.02.2023,ანაკომი - სწრაფი მომზ. წვნიანი ლაფშით და ქათმის ბულიონით (24) 50 გრ,6,66,6,66,100,100,1
349,მომწოდებელი 7,მაღაზია 7,ბურღულეული,1003,18.02.2023,იასნო სოლნიშკო - შვრიის ფაფა ასორტი,36,252,36,252,100,100,1
350,მომწოდებელი 7,მაღაზია 7,შოკოლადის ფილა,1003,18.02.2023,Dirol საზამთროს არომატით,43,215,43,215,100,100,1
351,მომწოდებელი 7,მაღაზია 7,ტეკილა და სხვა,1003,18.02.2023,Balvenie Doublewood ვისკი 43 ,31,124,31,124,100,100,1
352,მომწოდებელი 7,მაღაზია 7,ფქვილი,1003,18.02.2023,Makfa ფქვილი,24,264,12,132,50,50,1
353,მომწოდებელი 7,მაღაზია 7,ნაღები,1003,18.02.2023,Alpro სოიოს სასმელი ნუშით,16,112,16,112,100,100,1
354,მომწოდებელი 7,მაღაზია 7,ნათურები,1003,18.02.2023,Selpak ტუალეტის ქაღალდი,13,169,13,169,100,100,1
355,მომწოდებელი 7,მაღაზია 7,ქართული ყველი,1003,18.02.2023,ყველი ლაბნე პრეზიდენტი 200 გრ,7,91,7,91,100,100,1
356,მომწოდებელი 7,მაღაზია 7,ტეკილა და სხვა,1003,18.02.2023,Generous Gin 0.7 L 44 - ჯინი ჯენეროუსი ,56,840,56,840,100,100,1
357,მომწოდებელი 7,მაღაზია 7,სუნელები,1003,18.02.2023,yamuna - კვიტინი ჟელე ფიქსი 3/1 20გრ. (იამ),48,240,48,240,100,100,1
358,მომწოდებელი 7,მაღაზია 7,იოგურტი,1003,18.02.2023,ჩუდო მარწყვის რძიანი კოქტეილი 5.5,33,198,33,198,100,100,1
359,მომწოდებელი 7,მაღაზია 7,კაკაო,1003,18.02.2023,Twinings მწვანე ჟასმინი ჩაი,49,245,49,245,100,100,1
360,მომწოდებელი 8,მაღაზია 8,ტეკილა და სხვა,732,22.02.2023,Clan Macgregor ვისკი 40,10,50,10,50,100,100,1
361,მომწოდებელი 8,მაღაზია 8,ლუდი იმპორტული,732,22.02.2023,კრუშოვიცე ალუმინის ქილა,42,294,42,294,100,100,1
362,მომწოდებელი 8,მაღაზია 8,ძროხის ხორცი,732,22.02.2023,საქონლის ჩალაღაჯი,43,602,43,602,100,100,1
363,მომწოდებელი 8,მაღაზია 8,ფქვილი,732,22.02.2023,ლაფამილია საცხობი ფქვილი,23,115,23,115,100,100,1
364,მომწოდებელი 8,მაღაზია 8,ტეკილა და სხვა,732,22.02.2023,JOSE CUERVO\38  0.750 - ტეკილა  ხოსე კუერვო  სპეშალ გოლდი,39,195,39,195,100,100,1
365,მომწოდებელი 8,მაღაზია 8,ქათმის ფრთები/ ბარკლები,732,22.02.2023,ზღვის კომბოსტოს მარინადში 150გრ,6,84,6,84,100,100,1
366,მომწოდებელი 8,მაღაზია 8,ქართული ყველი,732,22.02.2023,სანებო შებოლილი სულგუნი,54,810,54,810,100,100,1
367,მომწოდებელი 8,მაღაზია 8,ლიქიორი,732,22.02.2023,HENNESSY V.S.O.P. - კონიაკი  ჰენესი  ვი.ეს.ოუ.პი 40 1ლ,31,341,15,165,48,48,1
368,მომწოდებელი 8,მაღაზია 8,ლუდი ქართული,732,22.02.2023,შავი ლომი Apa,40,160,40,160,100,100,1
369,მომწოდებელი 8,მაღაზია 8,ბურღულეული,732,22.02.2023,სოლნიშკო შვრიის ფანტელი N 1,29,348,29,348,100,100,1
370,მომწოდებელი 8,მაღაზია 8,ტეკილა და სხვა,732,22.02.2023,კილბეგან-ვისკი 40 0.7ლ,25,175,25,175,100,100,1
371,მომწოდებელი 8,მაღაზია 8,შოკოლადის ბატონი,732,22.02.2023,ბარამბო მარმელადი მარწყვითა და ბანანით,14,98,14,98,100,100,1
372,მომწოდებელი 8,მაღაზია 8,ლუდი ქართული,732,22.02.2023,შავი ლომი Ipa,29,116,29,116,100,100,1
373,მომწოდებელი 8,მაღაზია 8,ქათმის ფრთები/ ბარკლები,732,22.02.2023,IGLO-თეთრულას კოტლეტი,8,56,8,56,100,100,1
374,მომწოდებელი 8,მაღაზია 8,ტეკილა და სხვა,732,22.02.2023,GLANFIDDICH TUB -ვისკი გლენფიდიჩი 40 0.75ლ,13,65,13,65,100,100,1
375,მომწოდებელი 8,მაღაზია 8,კბილის ჯაგრისი,732,22.02.2023,Oral - B Pro - Expert კბილის ჯაგრისი,48,336,48,336,100,100,1
376,მომწოდებელი 8,მაღაზია 8,თევზის კონსერვი,732,22.02.2023,Calvo თინუსის სტეიკი,46,598,46,598,100,100,1
377,მომწოდებელი 8,მაღაზია 8,ტეკილა და სხვა,732,22.02.2023,Tullamore Dew ვისკი 40,21,273,21,273,100,100,1
378,მომწოდებელი 8,მაღაზია 8,სოსისი,732,22.02.2023,Vici მიდიები მარილწყალში,20,100,20,100,100,100,1
379,მომწოდებელი 8,მაღაზია 8,ღვინო,732,22.02.2023,ბადაგონი საფერავი წითელი მშრალი,48,720,48,720,100,100,1
380,მომწოდებელი 8,მაღაზია 8,ქართული მდნარი ყველი,732,22.02.2023,Gouda Cheese,50,250,50,250,100,100,1
381,მომწოდებელი 8,მაღაზია 8,კეფირი,732,22.02.2023,სანტე მაწონი 3.2,26,286,14,154,54,54,1
382,მომწოდებელი 8,მაღაზია 8,დაფასოებული კანფეტი,732,22.02.2023,Kids Box მუტფილმის გმირები ხრაშუნა ტკბილეული,6,78,6,78,100,100,1
383,მომწოდებელი 8,მაღაზია 8,საკანცელარიო საქონელი,732,22.02.2023,ერთჯერადი საშეტი ბლუ 3-10ც,45,585,45,585,100,100,1
384,მომწოდებელი 8,მაღაზია 8,ჩაი ასაწონი,732,22.02.2023,Nescafe ესპრესო ყავა,14,182,14,182,100,100,1
385,მომწოდებელი 8,მაღაზია 8,ძროხის ფარში,732,22.02.2023,ფრანქფურტერი საქონლის,56,392,56,392,100,100,1
386,მომწოდებელი 8,მაღაზია 8,ნაღები,732,22.02.2023,კარაქი /Arla/ ლურპაკი 82 /24*100 გრ,30,120,30,120,100,100,1
387,მომწოდებელი 8,მაღაზია 8,ტეკილა და სხვა,732,22.02.2023,სარაჯიშვილი-ბრენდი  VS  700მლ,15,195,15,195,100,100,1
388,მომწოდებელი 8,მაღაზია 8,ქართული ხილი,732,22.02.2023,ბროკოლი(ქ),31,372,31,372,100,100,1
389,მომწოდებელი 8,მაღაზია 8,ქართული ყველი,732,22.02.2023,დაწნული შებოლილი სულგუნი,10,130,10,130,100,100,1
390,მომწოდებელი 8,მაღაზია 8,სოკოს კონსერვი,732,22.02.2023,შავი გველთევზას კონსერვი ზეთში,47,282,42,252,89,89,1
391,მომწოდებელი 8,მაღაზია 8,ძროხის ხორცი,732,22.02.2023,ნედლი შეციებული ქართული ქათამი,56,392,56,392,100,100,1
392,მომწოდებელი 8,მაღაზია 8,ბისკვიტი/ ზეფირი,732,22.02.2023,G&G შოკოლადის ხვეულა,27,324,27,324,100,100,1
393,მომწოდებელი 8,მაღაზია 8,ქათმის ფილე,732,22.02.2023,ქათმის ასორტი ფილე premio 0 900,30,150,30,150,100,100,1
394,მომწოდებელი 8,მაღაზია 8,მაწონი/ არაჟანი,732,22.02.2023,სანტისიმო გარგარის ჯემით და ნაღებით 3.5,8,96,8,96,100,100,1
395,მომწოდებელი 8,მაღაზია 8,ტეკილა და სხვა,732,22.02.2023,Bombey Sapphire ჯინი 40,31,279,31,279,100,100,1
396,მომწოდებელი 8,მაღაზია 8,კეფირი,732,22.02.2023,დაჩა მარგარინი ზლოტა,13,117,13,117,100,100,1
397,მომწოდებელი 8,მაღაზია 8,ნაყინი ბატონი,732,22.02.2023,ნაყინი-შოკოლადის გრილიაჟი (ვედრო) 500გრ,28,168,28,168,100,100,1
398,მომწოდებელი 8,მაღაზია 8,ჭაჭა,732,22.02.2023,ჭაჭა საფერავი 0.5 ლ.ბ.,14,210,14,210,100,100,1
399,მომწოდებელი 8,მაღაზია 8,მაკარონი,732,22.02.2023,დოშირაკი - წვნიანი ქათმის (თეფში  90გრ/24ც),56,224,9,36,16,16,1
400,მომწოდებელი 8,მაღაზია 8,ხინკალი/ პილმენი/ ვარენიკი,732,22.02.2023,VICI - ხეკის ფილე პრიორიტეტი 300 გრ,39,546,39,546,100,100,1
401,მომწოდებელი 8,მაღაზია 8,მარილი,732,22.02.2023,Kalas Classic იოდიზირებული მარილი,42,630,42,630,100,100,1
402,მომწოდებელი 8,მაღაზია 8,ღვინო,732,22.02.2023,ბადაგონი ალაზნის ველი წითელი,41,164,41,164,100,100,1
403,მომწოდებელი 8,მაღაზია 8,შოკოლადის ბატონი,732,22.02.2023,Trolli წვეთები ჟელიბონი,26,234,26,234,100,100,1
404,მომწოდებელი 8,მაღაზია 8,ხორცის კონსერვი,732,22.02.2023,სელსკოე საქონლის ხორცის კონსერვი,33,231,33,231,100,100,1
405,მომწოდებელი 8,მაღაზია 8,ბავშვთა ჰიგიენა,732,22.02.2023,Tic-Tac საბავშვო საპონი,12,60,12,60,100,100,1
406,მომწოდებელი 8,მაღაზია 8,ყავა ერთჯერადი,732,22.02.2023,Maccoffee ცხელი შოკოლადი,43,559,14,182,33,33,1
407,მომწოდებელი 8,მაღაზია 8,ნაყინი ბატონი,732,22.02.2023,რუდ მალინის იოგურტით კორნეტო ნაყინი,19,133,19,133,100,100,1
408,მომწოდებელი 8,მაღაზია 8,ბამბა,732,22.02.2023,Lady Cotton სახის ბამბა,43,301,43,301,100,100,1
409,მომწოდებელი 8,მაღაზია 8,სოსისი,732,22.02.2023,Qualiko ქათმის კატლეტი შკილნა,9,135,9,135,100,100,1
410,მომწოდებელი 8,მაღაზია 8,ღვინო,732,22.02.2023,Asti Martini Brut შუშხუნა ღვინო,12,144,12,144,100,100,1
411,მომწოდებელი 8,მაღაზია 8,ტომატპასტა,732,22.02.2023,ხიზილალა ყვითელი,12,108,12,108,100,100,1
412,მომწოდებელი 8,მაღაზია 8,ლუდი ქართული,732,22.02.2023,არგო ღია ფერის ლუდი 12.5,42,252,42,252,100,100,1
413,მომწოდებელი 8,მაღაზია 8,კანფეტი წონით,732,22.02.2023,ბელვიტა ნამცხვარი თაფლით წონით,53,477,53,477,100,100,1
414,მომწოდებელი 8,მაღაზია 8,შოკოლადის ნაკრები,732,22.02.2023,Kinder Joy კვერცხი ქინდერ გოგონებისთვის,12,168,0,0,0,0,1
415,მომწოდებელი 8,მაღაზია 8,სხვადასხვა ზღვის პროდუქტი,732,22.02.2023,(გაციებული) კრაბის ჩხირი - 100 გ 20ც/ყ,50,550,50,550,100,100,1
416,მომწოდებელი 9,მაღაზია 9,ლუდი ქართული,521,25.02.2023,შავი ლომი Apa,26,234,26,234,100,100,1
417,მომწოდებელი 9,მაღაზია 9,ბურღულეული,521,25.02.2023,სოლნიშკო შვრიის ფანტელი N 1,7,56,7,56,100,100,1
418,მომწოდებელი 9,მაღაზია 9,ტეკილა და სხვა,521,25.02.2023,კილბეგან-ვისკი 40 0.7ლ,60,780,60,780,100,100,1
419,მომწოდებელი 9,მაღაზია 9,შოკოლადის ბატონი,521,25.02.2023,ბარამბო მარმელადი მარწყვითა და ბანანით,56,840,56,840,100,100,1
420,მომწოდებელი 9,მაღაზია 9,ლუდი ქართული,521,25.02.2023,შავი ლომი Ipa,27,378,27,378,100,100,1
421,მომწოდებელი 9,მაღაზია 9,ქათმის ფრთები/ ბარკლები,521,25.02.2023,IGLO-თეთრულას კოტლეტი,48,240,48,240,100,100,1
422,მომწოდებელი 9,მაღაზია 9,ტეკილა და სხვა,521,25.02.2023,GLANFIDDICH TUB -ვისკი გლენფიდიჩი 40 0.75ლ,50,400,48,384,96,96,1
423,მომწოდებელი 9,მაღაზია 9,კბილის ჯაგრისი,521,25.02.2023,Oral - B Pro - Expert კბილის ჯაგრისი,3,18,3,18,100,100,1
424,მომწოდებელი 9,მაღაზია 9,თევზის კონსერვი,521,25.02.2023,Calvo თინუსის სტეიკი,27,162,27,162,100,100,1
425,მომწოდებელი 9,მაღაზია 9,ტეკილა და სხვა,521,25.02.2023,Tullamore Dew ვისკი 40,7,98,0,0,0,0,1
426,მომწოდებელი 9,მაღაზია 9,სოსისი,521,25.02.2023,Vici მიდიები მარილწყალში,43,688,43,688,100,100,1
427,მომწოდებელი 9,მაღაზია 9,ღვინო,521,25.02.2023,ბადაგონი საფერავი წითელი მშრალი,36,468,36,468,100,100,1
428,მომწოდებელი 9,მაღაზია 9,ქართული მდნარი ყველი,521,25.02.2023,Gouda Cheese,12,60,12,60,100,100,1
429,მომწოდებელი 9,მაღაზია 9,კეფირი,521,25.02.2023,სანტე მაწონი 3.2,41,451,41,451,100,100,1
430,მომწოდებელი 9,მაღაზია 9,დაფასოებული კანფეტი,521,25.02.2023,Kids Box მუტფილმის გმირები ხრაშუნა ტკბილეული,37,555,37,555,100,100,1
431,მომწოდებელი 9,მაღაზია 9,საკანცელარიო საქონელი,521,25.02.2023,ერთჯერადი საშეტი ბლუ 3-10ც,46,414,46,414,100,100,1
432,მომწოდებელი 9,მაღაზია 9,ჩაი ასაწონი,521,25.02.2023,Nescafe ესპრესო ყავა,25,225,25,225,100,100,1
433,მომწოდებელი 9,მაღაზია 9,ძროხის ფარში,521,25.02.2023,ფრანქფურტერი საქონლის,5,80,5,80,100,100,1
434,მომწოდებელი 9,მაღაზია 9,ნაღები,521,25.02.2023,კარაქი /Arla/ ლურპაკი 82 /24*100 გრ,43,387,43,387,100,100,1
435,მომწოდებელი 9,მაღაზია 9,ტეკილა და სხვა,521,25.02.2023,სარაჯიშვილი-ბრენდი  VS  700მლ,37,444,37,444,100,100,1
436,მომწოდებელი 9,მაღაზია 9,ქართული ხილი,521,25.02.2023,ბროკოლი(ქ),51,765,51,765,100,100,1
437,მომწოდებელი 9,მაღაზია 9,ქართული ყველი,521,25.02.2023,დაწნული შებოლილი სულგუნი,50,400,12,96,24,24,1
438,მომწოდებელი 9,მაღაზია 9,სოკოს კონსერვი,521,25.02.2023,შავი გველთევზას კონსერვი ზეთში,5,45,5,45,100,100,1
439,მომწოდებელი 9,მაღაზია 9,ძროხის ხორცი,521,25.02.2023,ნედლი შეციებული ქართული ქათამი,64,576,64,576,100,100,1
440,მომწოდებელი 9,მაღაზია 9,ბისკვიტი/ ზეფირი,521,25.02.2023,G&G შოკოლადის ხვეულა,21,168,21,168,100,100,1
441,მომწოდებელი 9,მაღაზია 9,ქათმის ფილე,521,25.02.2023,ქათმის ასორტი ფილე premio 0 900,58,928,58,928,100,100,1
442,მომწოდებელი 9,მაღაზია 9,მაწონი/ არაჟანი,521,25.02.2023,სანტისიმო გარგარის ჯემით და ნაღებით 3.5,18,198,18,198,100,100,1
443,მომწოდებელი 9,მაღაზია 9,ტეკილა და სხვა,521,25.02.2023,Bombey Sapphire ჯინი 40,38,570,38,570,100,100,1
444,მომწოდებელი 9,მაღაზია 9,კეფირი,521,25.02.2023,დაჩა მარგარინი ზლოტა,61,610,61,610,100,100,1
445,მომწოდებელი 9,მაღაზია 9,ნაყინი ბატონი,521,25.02.2023,ნაყინი-შოკოლადის გრილიაჟი (ვედრო) 500გრ,53,371,53,371,100,100,1
446,მომწოდებელი 9,მაღაზია 9,ჭაჭა,521,25.02.2023,ჭაჭა საფერავი 0.5 ლ.ბ.,49,539,49,539,100,100,1
447,მომწოდებელი 9,მაღაზია 9,მაკარონი,521,25.02.2023,დოშირაკი - წვნიანი ქათმის (თეფში  90გრ/24ც),64,320,64,320,100,100,1
448,მომწოდებელი 9,მაღაზია 9,ხინკალი/ პილმენი/ ვარენიკი,521,25.02.2023,VICI - ხეკის ფილე პრიორიტეტი 300 გრ,47,658,47,658,100,100,1
449,მომწოდებელი 9,მაღაზია 9,მარილი,521,25.02.2023,Kalas Classic იოდიზირებული მარილი,27,405,27,405,100,100,1
450,მომწოდებელი 9,მაღაზია 9,ღვინო,521,25.02.2023,ბადაგონი ალაზნის ველი წითელი,8,104,0,0,0,0,1
451,მომწოდებელი 9,მაღაზია 9,შოკოლადის ბატონი,521,25.02.2023,Trolli წვეთები ჟელიბონი,61,488,61,488,100,100,1
452,მომწოდებელი 9,მაღაზია 9,ხორცის კონსერვი,521,25.02.2023,სელსკოე საქონლის ხორცის კონსერვი,6,72,6,72,100,100,1
453,მომწოდებელი 9,მაღაზია 9,ბავშვთა ჰიგიენა,521,25.02.2023,Tic-Tac საბავშვო საპონი,58,580,58,580,100,100,1
454,მომწოდებელი 9,მაღაზია 9,ყავა ერთჯერადი,521,25.02.2023,Maccoffee ცხელი შოკოლადი,28,448,28,448,100,100,1
455,მომწოდებელი 9,მაღაზია 9,ნაყინი ბატონი,521,25.02.2023,რუდ მალინის იოგურტით კორნეტო ნაყინი,13,169,13,169,100,100,1
456,მომწოდებელი 9,მაღაზია 9,ბამბა,521,25.02.2023,Lady Cotton სახის ბამბა,40,200,40,200,100,100,1
457,მომწოდებელი 9,მაღაზია 9,სოსისი,521,25.02.2023,Qualiko ქათმის კატლეტი შკილნა,32,480,32,480,100,100,1
458,მომწოდებელი 9,მაღაზია 9,ღვინო,521,25.02.2023,Asti Martini Brut შუშხუნა ღვინო,41,328,41,328,100,100,1
459,მომწოდებელი 9,მაღაზია 9,ტომატპასტა,521,25.02.2023,ხიზილალა ყვითელი,43,301,43,301,100,100,1
460,მომწოდებელი 9,მაღაზია 9,ღორის ხორცი,521,25.02.2023,Flus ტურისტი უნგრული ძეხვი,62,806,19,247,31,31,1
461,მომწოდებელი 9,მაღაზია 9,ყავა ასაწონი,521,25.02.2023,Tess სანრაიზ შავი ჩაი,6,96,6,96,100,100,1
462,მომწოდებელი 9,მაღაზია 9,ღვინო,521,25.02.2023,თელავის მარანი ცქრიალა თეთრი ნახ.მშრალი ღვინო,35,525,35,525,100,100,1
463,მომწოდებელი 9,მაღაზია 9,სარეცხი ფხვნილი,521,25.02.2023,Melochi Zhizni ნაგვის,61,549,61,549,100,100,1
464,მომწოდებელი 9,მაღაზია 9,სიგარეტი,521,25.02.2023,Kool Menthol,24,240,24,240,100,100,1
465,მომწოდებელი 9,მაღაზია 9,ტორტი/ ნამცხვარი,521,25.02.2023,Cachet შავი შოკოლადი პერუ,2,12,2,12,100,100,1
466,მომწოდებელი 9,მაღაზია 9,დაფასოებული კანფეტი,521,25.02.2023,KONTI-შოკოლადის კანფეტი Тими ნაღებით 1000 გრ.(4),24,144,24,144,100,100,1
467,მომწოდებელი 9,მაღაზია 9,ბისკვიტი/ ზეფირი,521,25.02.2023,ბარამბო - ვაფლი თხილით 240 გრ,23,345,23,345,100,100,1
468,მომწოდებელი 9,მაღაზია 9,კექსი/ რულეტი/ ქაფქეიქი,521,25.02.2023,DR. QUENDT-ნამხცვარი   ასოები,64,960,64,960,100,100,1
469,მომწოდებელი 9,მაღაზია 9,მაკარონი,521,25.02.2023,ანაკომი - სწრაფი მომზ. წვნიანი ლაფშით და ქათმის ბულიონით (24) 50 გრ,38,380,38,380,100,100,1
470,მომწოდებელი 9,მაღაზია 9,ბურღულეული,521,25.02.2023,იასნო სოლნიშკო - შვრიის ფაფა ასორტი,52,572,52,572,100,100,1
471,მომწოდებელი 9,მაღაზია 9,შოკოლადის ფილა,521,25.02.2023,Dirol საზამთროს არომატით,5,50,4,40,80,80,1
472,მომწოდებელი 10,მაღაზია 10,ღორის ხორცი,1065,27.02.2023,Flus ტურისტი უნგრული ძეხვი,56,896,56,896,100,100,1
473,მომწოდებელი 10,მაღაზია 10,ყავა ასაწონი,1065,27.02.2023,Tess სანრაიზ შავი ჩაი,21,147,21,147,100,100,1
474,მომწოდებელი 10,მაღაზია 10,ღვინო,1065,27.02.2023,თელავის მარანი ცქრიალა თეთრი ნახ.მშრალი ღვინო,53,742,53,742,100,100,1
475,მომწოდებელი 10,მაღაზია 10,სარეცხი ფხვნილი,1065,27.02.2023,Melochi Zhizni ნაგვის,34,238,34,238,100,100,1
476,მომწოდებელი 10,მაღაზია 10,სიგარეტი,1065,27.02.2023,Kool Menthol,15,240,15,240,100,100,1
477,მომწოდებელი 10,მაღაზია 10,ტორტი/ ნამცხვარი,1065,27.02.2023,Cachet შავი შოკოლადი პერუ,44,616,44,616,100,100,1
478,მომწოდებელი 10,მაღაზია 10,დაფასოებული კანფეტი,1065,27.02.2023,KONTI-შოკოლადის კანფეტი Тими ნაღებით 1000 გრ.(4),49,735,49,735,100,100,1
479,მომწოდებელი 10,მაღაზია 10,ბისკვიტი/ ზეფირი,1065,27.02.2023,ბარამბო - ვაფლი თხილით 240 გრ,47,329,47,329,100,100,1
480,მომწოდებელი 10,მაღაზია 10,კექსი/ რულეტი/ ქაფქეიქი,1065,27.02.2023,DR. QUENDT-ნამხცვარი   ასოები,61,976,61,976,100,100,1
481,მომწოდებელი 10,მაღაზია 10,მაკარონი,1065,27.02.2023,ანაკომი - სწრაფი მომზ. წვნიანი ლაფშით და ქათმის ბულიონით (24) 50 გრ,10,150,9,135,90,90,1
482,მომწოდებელი 10,მაღაზია 10,ბურღულეული,1065,27.02.2023,იასნო სოლნიშკო - შვრიის ფაფა ასორტი,22,242,22,242,100,100,1
483,მომწოდებელი 10,მაღაზია 10,შოკოლადის ფილა,1065,27.02.2023,Dirol საზამთროს არომატით,18,144,18,144,100,100,1
484,მომწოდებელი 10,მაღაზია 10,ტეკილა და სხვა,1065,27.02.2023,Balvenie Doublewood ვისკი 43 ,37,296,37,296,100,100,1
485,მომწოდებელი 10,მაღაზია 10,ფქვილი,1065,27.02.2023,Makfa ფქვილი,14,182,14,182,100,100,1
486,მომწოდებელი 10,მაღაზია 10,ნაღები,1065,27.02.2023,Alpro სოიოს სასმელი ნუშით,42,630,42,630,100,100,1
487,მომწოდებელი 10,მაღაზია 10,ნათურები,1065,27.02.2023,Selpak ტუალეტის ქაღალდი,64,896,64,896,100,100,1
488,მომწოდებელი 10,მაღაზია 10,ქართული ყველი,1065,27.02.2023,ყველი ლაბნე პრეზიდენტი 200 გრ,29,348,29,348,100,100,1
489,მომწოდებელი 10,მაღაზია 10,ტეკილა და სხვა,1065,27.02.2023,Generous Gin 0.7 L 44 - ჯინი ჯენეროუსი ,47,329,47,329,100,100,1
490,მომწოდებელი 10,მაღაზია 10,სუნელები,1065,27.02.2023,yamuna - კვიტინი ჟელე ფიქსი 3/1 20გრ. (იამ),63,882,63,882,100,100,1
491,მომწოდებელი 10,მაღაზია 10,იოგურტი,1065,27.02.2023,ჩუდო მარწყვის რძიანი კოქტეილი 5.5,9,108,9,108,100,100,1
492,მომწოდებელი 10,მაღაზია 10,კაკაო,1065,27.02.2023,Twinings მწვანე ჟასმინი ჩაი,27,135,27,135,100,100,1
493,მომწოდებელი 10,მაღაზია 10,ტეკილა და სხვა,1065,27.02.2023,Clan Macgregor ვისკი 40,52,520,52,520,100,100,1
494,მომწოდებელი 10,მაღაზია 10,ლუდი იმპორტული,1065,27.02.2023,კრუშოვიცე ალუმინის ქილა,29,290,29,290,100,100,1
495,მომწოდებელი 10,მაღაზია 10,ძროხის ხორცი,1065,27.02.2023,საქონლის ჩალაღაჯი,45,450,45,450,100,100,1
496,მომწოდებელი 10,მაღაზია 10,ფქვილი,1065,27.02.2023,ლაფამილია საცხობი ფქვილი,65,650,65,650,100,100,1
497,მომწოდებელი 10,მაღაზია 10,ტეკილა და სხვა,1065,27.02.2023,JOSE CUERVO\38  0.750 - ტეკილა  ხოსე კუერვო  სპეშალ გოლდი,30,450,30,450,100,100,1
498,მომწოდებელი 10,მაღაზია 10,ქათმის ფრთები/ ბარკლები,1065,27.02.2023,ზღვის კომბოსტოს მარინადში 150გრ,25,300,25,300,100,100,1
499,მომწოდებელი 10,მაღაზია 10,ქართული ყველი,1065,27.02.2023,სანებო შებოლილი სულგუნი,15,75,15,75,100,100,1
500,მომწოდებელი 10,მაღაზია 10,ლიქიორი,1065,27.02.2023,HENNESSY V.S.O.P. - კონიაკი  ჰენესი  ვი.ეს.ოუ.პი 40 1ლ,44,616,23,322,52,52,1
501,მომწოდებელი 10,მაღაზია 10,ლუდი ქართული,1065,27.02.2023,შავი ლომი Apa,43,301,43,301,100,100,1
502,მომწოდებელი 10,მაღაზია 10,ბურღულეული,1065,27.02.2023,სოლნიშკო შვრიის ფანტელი N 1,29,377,29,377,100,100,1
503,მომწოდებელი 10,მაღაზია 10,ტეკილა და სხვა,1065,27.02.2023,კილბეგან-ვისკი 40 0.7ლ,27,216,27,216,100,100,1
504,მომწოდებელი 10,მაღაზია 10,შოკოლადის ბატონი,1065,27.02.2023,ბარამბო მარმელადი მარწყვითა და ბანანით,43,688,43,688,100,100,1
505,მომწოდებელი 10,მაღაზია 10,ლუდი ქართული,1065,27.02.2023,შავი ლომი Ipa,45,720,45,720,100,100,1
506,მომწოდებელი 10,მაღაზია 10,ქათმის ფრთები/ ბარკლები,1065,27.02.2023,IGLO-თეთრულას კოტლეტი,47,752,47,752,100,100,1
507,მომწოდებელი 10,მაღაზია 10,ტეკილა და სხვა,1065,27.02.2023,GLANFIDDICH TUB -ვისკი გლენფიდიჩი 40 0.75ლ,19,266,19,266,100,100,1
508,მომწოდებელი 10,მაღაზია 10,კბილის ჯაგრისი,1065,27.02.2023,Oral - B Pro - Expert კბილის ჯაგრისი,36,504,36,504,100,100,1
509,მომწოდებელი 10,მაღაზია 10,თევზის კონსერვი,1065,27.02.2023,Calvo თინუსის სტეიკი,32,192,32,192,100,100,1
510,მომწოდებელი 10,მაღაზია 10,ტეკილა და სხვა,1065,27.02.2023,Tullamore Dew ვისკი 40,20,220,20,220,100,100,1
511,მომწოდებელი 10,მაღაზია 10,სოსისი,1065,27.02.2023,Vici მიდიები მარილწყალში,10,100,10,100,100,100,1
512,მომწოდებელი 10,მაღაზია 10,ღვინო,1065,27.02.2023,ბადაგონი საფერავი წითელი მშრალი,32,480,32,480,100,100,1
513,მომწოდებელი 10,მაღაზია 10,ქართული მდნარი ყველი,1065,27.02.2023,Gouda Cheese,7,77,7,77,100,100,1
514,მომწოდებელი 10,მაღაზია 10,კეფირი,1065,27.02.2023,სანტე მაწონი 3.2,32,416,32,416,100,100,1
515,მომწოდებელი 10,მაღაზია 10,დაფასოებული კანფეტი,1065,27.02.2023,Kids Box მუტფილმის გმირები ხრაშუნა ტკბილეული,5,40,0,0,0,0,1
516,მომწოდებელი 10,მაღაზია 10,საკანცელარიო საქონელი,1065,27.02.2023,ერთჯერადი საშეტი ბლუ 3-10ც,59,354,59,354,100,100,1
517,მომწოდებელი 10,მაღაზია 10,ჩაი ასაწონი,1065,27.02.2023,Nescafe ესპრესო ყავა,8,104,8,104,100,100,1
518,მომწოდებელი 10,მაღაზია 10,ძროხის ფარში,1065,27.02.2023,ფრანქფურტერი საქონლის,35,490,35,490,100,100,1
519,მომწოდებელი 10,მაღაზია 10,ნაღები,1065,27.02.2023,კარაქი /Arla/ ლურპაკი 82 /24*100 გრ,9,99,9,99,100,100,1
520,მომწოდებელი 10,მაღაზია 10,ტეკილა და სხვა,1065,27.02.2023,სარაჯიშვილი-ბრენდი  VS  700მლ,35,420,35,420,100,100,1
521,მომწოდებელი 10,მაღაზია 10,ქართული ხილი,1065,27.02.2023,ბროკოლი(ქ),14,98,14,98,100,100,1
522,მომწოდებელი 10,მაღაზია 10,ქართული ყველი,1065,27.02.2023,დაწნული შებოლილი სულგუნი,51,663,51,663,100,100,1
523,მომწოდებელი 10,მაღაზია 10,სოკოს კონსერვი,1065,27.02.2023,შავი გველთევზას კონსერვი ზეთში,42,630,42,630,100,100,1
524,მომწოდებელი 10,მაღაზია 10,ძროხის ხორცი,1065,27.02.2023,ნედლი შეციებული ქართული ქათამი,6,42,6,42,100,100,1
525,მომწოდებელი 10,მაღაზია 10,ბისკვიტი/ ზეფირი,1065,27.02.2023,G&G შოკოლადის ხვეულა,46,690,46,690,100,100,1
526,მომწოდებელი 10,მაღაზია 10,ქათმის ფილე,1065,27.02.2023,ქათმის ასორტი ფილე premio 0 900,51,357,51,357,100,100,1
527,მომწოდებელი 10,მაღაზია 10,მაწონი/ არაჟანი,1065,27.02.2023,სანტისიმო გარგარის ჯემით და ნაღებით 3.5,17,187,17,187,100,100,1
528,მომწოდებელი 10,მაღაზია 10,ტეკილა და სხვა,1065,27.02.2023,Bombey Sapphire ჯინი 40,17,85,17,85,100,100,1
529,მომწოდებელი 10,მაღაზია 10,კეფირი,1065,27.02.2023,დაჩა მარგარინი ზლოტა,41,246,27,162,66,66,1
530,მომწოდებელი 11,მაღაზია 11,სიგარეტი,498,31.02.2023,Pall Mall Red,49,490,49,490,100,100,1
531,მომწოდებელი 11,მაღაზია 11,შაქარი,498,31.02.2023,Supremo შაქარი,22,308,22,308,100,100,1
532,მომწოდებელი 11,მაღაზია 11,იმპორტული ბოსტნეული,498,31.02.2023,კიტრი ჰოლანდია (ქ),30,180,30,180,100,100,1
533,მომწოდებელი 11,მაღაზია 11,სუნელები,498,31.02.2023,ოჯახური უცხო სუნელი (დაფქული),30,450,30,450,100,100,1
534,მომწოდებელი 11,მაღაზია 11,ღვინო,498,31.02.2023,Asti Mrtini შუშხუნა ღვინო,26,208,26,208,100,100,1
535,მომწოდებელი 11,მაღაზია 11,მაკარონი,498,31.02.2023,G&G Penne Rigate მაკარონი,38,494,38,494,100,100,1
536,მომწოდებელი 11,მაღაზია 11,სხვადასხვა ზღვის პროდუქტი,498,31.02.2023,პიცა  Passionata /Iglotex/ მოცარელა/ 6*330 გ,55,495,55,495,100,100,1
537,მომწოდებელი 11,მაღაზია 11,ჭურჭლის სარეცხი საშუალებები,498,31.02.2023,Zewa სახის საწმენდი,60,360,60,360,100,100,1
538,მომწოდებელი 11,მაღაზია 11,იმპორტული ბოსტნეული,498,31.02.2023,კიტრი-პომიდვრის სალათი 1 კგ.,40,440,40,440,100,100,1
539,მომწოდებელი 11,მაღაზია 11,მაწონი/ არაჟანი,498,31.02.2023,სანტისიმო Amore ალუბლის ბრაუნი 7,23,184,23,184,100,100,1
540,მომწოდებელი 11,მაღაზია 11,წონის ორცხობილა/ ვაფლი,498,31.02.2023,შოლენ ოზმო რძიანი შოკოლადი წონით,5,40,5,40,100,100,1
541,მომწოდებელი 11,მაღაზია 11,ასაწონი თხილეული,498,31.02.2023,ალუჩა,43,215,43,215,100,100,1
542,მომწოდებელი 11,მაღაზია 11,ჰიგიენური საფენი,498,31.02.2023,Discreet Deo ჰიგიენური საფენი,67,536,67,536,100,100,1
543,მომწოდებელი 11,მაღაზია 11,ელექტრო საქონელი,498,31.02.2023,Linus დამაგრძელებელი დამიწებით,43,387,43,387,100,100,1
544,მომწოდებელი 11,მაღაზია 11,ტეკილა და სხვა,498,31.02.2023,SIERA - SILVER - ტეკილა  სიერა  სილვერი 38 1ლ,63,567,63,567,100,100,1
545,მომწოდებელი 11,მაღაზია 11,ხინკალი/ პილმენი/ ვარენიკი,498,31.02.2023,ზღვის კარჩხანა დორადო,62,372,60,360,97,97,1
546,მომწოდებელი 11,მაღაზია 11,სარეცხი სითხე,498,31.02.2023,Smile მინიონები სველი ხელსახოცი,51,306,51,306,100,100,1
547,მომწოდებელი 11,მაღაზია 11,მინის საწმენდი სითხე,498,31.02.2023,ზევა საბავშვო სველი ტუალეტის ქაღალდი,34,306,34,306,100,100,1
548,მომწოდებელი 11,მაღაზია 11,ტორტი/ ნამცხვარი,498,31.02.2023,ბაბაევსკი შოკოლადის ფილა,52,468,52,468,100,100,1
549,მომწოდებელი 11,მაღაზია 11,ასაწონი თხილეული,498,31.02.2023,გარგარი,58,638,58,638,100,100,1
550,მომწოდებელი 11,მაღაზია 11,იმპორტული მდნარი ყველი,498,31.02.2023,Ementaler Cheese ყველი,20,160,20,160,100,100,1
551,მომწოდებელი 11,მაღაზია 11,ლიქიორი,498,31.02.2023,SARAJISHVILI-სპირტიანი მაგარი სასმელი 3* 0.5,44,396,44,396,100,100,1
552,მომწოდებელი 11,მაღაზია 11,სიმინდის კონსერვი,498,31.02.2023,Lorado ტკბილი სიმინდი,18,180,18,180,100,100,1
553,მომწოდებელი 11,მაღაზია 11,ფოლგა/ პერგამენტი,498,31.02.2023,არიელი - ფერადი,39,585,39,585,100,100,1
554,მომწოდებელი 11,მაღაზია 11,შოკოლადის ნაკრები,498,31.02.2023,Barambo Export რძიანი შოკოლადის ფილა ნიგვზით,67,603,67,603,100,100,1
555,მომწოდებელი 11,მაღაზია 11,ღვინო,498,31.02.2023,მარანი ფიროსმანი ღვინო,20,280,20,280,100,100,1
556,მომწოდებელი 11,მაღაზია 11,წვენი,498,31.02.2023,კოკა-კოლა  გაზიანი სასმელი  2ლ,38,228,38,228,100,100,1
557,მომწოდებელი 11,მაღაზია 11,ქართული ყველი,498,31.02.2023,შებოლილი დათლილი სულგუნი ვაკუმში (ქ),59,708,59,708,100,100,1
558,მომწოდებელი 11,მაღაზია 11,თევზის კონსერვი,498,31.02.2023,კიტრის მწნილი პიკული,26,364,26,364,100,100,1
559,მომწოდებელი 11,მაღაზია 11,ელექტრო საქონელი,498,31.02.2023,Panasonic-ელემენტი LR03AP/4BP,59,826,59,826,100,100,1
560,მომწოდებელი 11,მაღაზია 11,სოსისი,498,31.02.2023,Vici კრევეტები ოთხკუთხა კუდით,8,120,8,120,100,100,1
561,მომწოდებელი 11,მაღაზია 11,ასაწონი თხილეული,498,31.02.2023,ოხრახუში (ქ),55,495,55,495,100,100,1
562,მომწოდებელი 11,მაღაზია 11,ტეკილა და სხვა,498,31.02.2023,GLENMORANGIE - ORIGINAL  GB 0.700 \40 - ვისკი  გლენმორანჟი  ორიგინალი,53,424,53,424,100,100,1
563,მომწოდებელი 11,მაღაზია 11,მინის საწმენდი სითხე,498,31.02.2023,პერვოლი  თხევადი  ქსოვილის აღმდგენი  1 ლ. (8),54,864,54,864,100,100,1
564,მომწოდებელი 11,მაღაზია 11,ლიქიორი,498,31.02.2023,Hennessy Vs 0 7 L 40  - კონიაკი ჰენესი ვი ესი,7,77,7,77,100,100,1
565,მომწოდებელი 11,მაღაზია 11,ქართული ყველი,498,31.02.2023,ალვანის ცხვრის გუდა,22,286,22,286,100,100,1
566,მომწოდებელი 11,მაღაზია 11,ნათურები,498,31.02.2023,Palmolive Olive,8,48,8,48,100,100,1
567,მომწოდებელი 11,მაღაზია 11,ზეთი,498,31.02.2023,სელის ზეთი,39,507,38,494,97,97,1
568,მომწოდებელი 11,მაღაზია 11,ქართული მდნარი ყველი,498,31.02.2023,Almetteმდნარი ყველი 16,17,102,17,102,100,100,1
569,მომწოდებელი 11,მაღაზია 11,სარეცხი სითხე,498,31.02.2023,არიელი - ლენორ ფერადი,33,330,33,330,100,100,1
570,მომწოდებელი 11,მაღაზია 11,ჰიგიენური საფენი,498,31.02.2023,Olways Ultra ულტრა ნორმალი ჰიგიენური საფენი,67,670,67,670,100,100,1
571,მომწოდებელი 11,მაღაზია 11,იოგურტი,498,31.02.2023,სანტისიმო ალუბალი ნაღებით 2.5,50,500,50,500,100,100,1
572,მომწოდებელი 11,მაღაზია 11,შავი ჩაი,498,31.02.2023,ლებო ყავა სერენადა მარცვალი,36,540,36,540,100,100,1
573,მომწოდებელი 11,მაღაზია 11,სოსისი,498,31.02.2023,Vici კიბორჩხალის ჩხირები,30,210,30,210,100,100,1
574,მომწოდებელი 11,მაღაზია 11,ჯემები და მურაბები,498,31.02.2023,კულა - ვაშლის ჯემი 900გრ,35,245,35,245,100,100,1
575,მომწოდებელი 11,მაღაზია 11,ბავშვთა ჰიგიენა,498,31.02.2023,Reach ბავშვის კბილის ჯაგრისი,25,150,25,150,100,100,1
576,მომწოდებელი 11,მაღაზია 11,სუნელები,498,31.02.2023,ხომლი - ხმელი სუნელი დაფქვილი 15 გ,40,360,40,360,100,100,1
577,მომწოდებელი 11,მაღაზია 11,ხინკალი/ პილმენი/ ვარენიკი,498,31.02.2023,რუსული ზუთხის სტეიკი,57,627,57,627,100,100,1
578,მომწოდებელი 11,მაღაზია 11,შოკოლადის ბატონი,498,31.02.2023,Bon Pari მჟავე ჭიაყელა საღეჭი მარმელადი,19,190,19,190,100,100,1
579,მომწოდებელი 11,მაღაზია 11,კბილის ჯაგრისი,498,31.02.2023,Colgate Triple Action კბილის პასტა,11,121,11,121,100,100,1
580,მომწოდებელი 11,მაღაზია 11,კექსი/ რულეტი/ ქაფქეიქი,498,31.02.2023,Bahlsen ნამცხვარი ჩოკინი,33,528,33,528,100,100,1
581,მომწოდებელი 11,მაღაზია 11,გაზიანი ტკბილი სასმელები,498,31.02.2023,Fanta ფორთოხალი,32,512,32,512,100,100,1
582,მომწოდებელი 11,მაღაზია 11,წებო,498,31.02.2023,კომპაქტი სვ ხელსახოცი ყვავილოვანი სურნელით,66,330,66,330,100,100,1
583,მომწოდებელი 11,მაღაზია 11,პური ლავაში,498,31.02.2023,ტრადიციული მინი ბაგეტი,67,804,67,804,100,100,1
584,მომწოდებელი 11,მაღაზია 11,პური შოთის,498,31.02.2023,არტიზანო პური,16,80,14,70,88,88,1
585,მომწოდებელი 12,მაღაზია 12,ნაღები,823,03.03.2023,Alpro სოიოს სასმელი ნუშით,2,16,2,16,100,100,1
586,მომწოდებელი 12,მაღაზია 12,ნათურები,823,03.03.2023,Selpak ტუალეტის ქაღალდი,16,128,16,128,100,100,1
587,მომწოდებელი 12,მაღაზია 12,ქართული ყველი,823,03.03.2023,ყველი ლაბნე პრეზიდენტი 200 გრ,58,754,58,754,100,100,1
588,მომწოდებელი 12,მაღაზია 12,ტეკილა და სხვა,823,03.03.2023,Generous Gin 0.7 L 44 - ჯინი ჯენეროუსი ,44,440,44,440,100,100,1
589,მომწოდებელი 12,მაღაზია 12,სუნელები,823,03.03.2023,yamuna - კვიტინი ჟელე ფიქსი 3/1 20გრ. (იამ),38,608,38,608,100,100,1
590,მომწოდებელი 12,მაღაზია 12,იოგურტი,823,03.03.2023,ჩუდო მარწყვის რძიანი კოქტეილი 5.5,63,567,63,567,100,100,1
591,მომწოდებელი 12,მაღაზია 12,კაკაო,823,03.03.2023,Twinings მწვანე ჟასმინი ჩაი,5,25,5,25,100,100,1
592,მომწოდებელი 12,მაღაზია 12,ტეკილა და სხვა,823,03.03.2023,Clan Macgregor ვისკი 40,7,77,7,77,100,100,1
593,მომწოდებელი 12,მაღაზია 12,ლუდი იმპორტული,823,03.03.2023,კრუშოვიცე ალუმინის ქილა,57,912,57,912,100,100,1
594,მომწოდებელი 12,მაღაზია 12,ძროხის ხორცი,823,03.03.2023,საქონლის ჩალაღაჯი,46,506,46,506,100,100,1
595,მომწოდებელი 12,მაღაზია 12,ფქვილი,823,03.03.2023,ლაფამილია საცხობი ფქვილი,44,484,44,484,100,100,1
596,მომწოდებელი 12,მაღაზია 12,ტეკილა და სხვა,823,03.03.2023,JOSE CUERVO\38  0.750 - ტეკილა  ხოსე კუერვო  სპეშალ გოლდი,30,420,30,420,100,100,1
597,მომწოდებელი 12,მაღაზია 12,ქათმის ფრთები/ ბარკლები,823,03.03.2023,ზღვის კომბოსტოს მარინადში 150გრ,41,287,41,287,100,100,1
598,მომწოდებელი 12,მაღაზია 12,ქართული ყველი,823,03.03.2023,სანებო შებოლილი სულგუნი,23,368,23,368,100,100,1
599,მომწოდებელი 12,მაღაზია 12,ლიქიორი,823,03.03.2023,HENNESSY V.S.O.P. - კონიაკი  ჰენესი  ვი.ეს.ოუ.პი 40 1ლ,38,608,38,608,100,100,1
600,მომწოდებელი 12,მაღაზია 12,ლუდი ქართული,823,03.03.2023,შავი ლომი Apa,30,480,30,480,100,100,1
601,მომწოდებელი 12,მაღაზია 12,ბურღულეული,823,03.03.2023,სოლნიშკო შვრიის ფანტელი N 1,44,220,44,220,100,100,1
602,მომწოდებელი 12,მაღაზია 12,ტეკილა და სხვა,823,03.03.2023,კილბეგან-ვისკი 40 0.7ლ,15,135,15,135,100,100,1
603,მომწოდებელი 12,მაღაზია 12,შოკოლადის ბატონი,823,03.03.2023,ბარამბო მარმელადი მარწყვითა და ბანანით,18,198,18,198,100,100,1
604,მომწოდებელი 12,მაღაზია 12,ლუდი ქართული,823,03.03.2023,შავი ლომი Ipa,21,336,21,336,100,100,1
605,მომწოდებელი 12,მაღაზია 12,ქათმის ფრთები/ ბარკლები,823,03.03.2023,IGLO-თეთრულას კოტლეტი,5,45,5,45,100,100,1
606,მომწოდებელი 12,მაღაზია 12,ტეკილა და სხვა,823,03.03.2023,GLANFIDDICH TUB -ვისკი გლენფიდიჩი 40 0.75ლ,63,882,63,882,100,100,1
607,მომწოდებელი 12,მაღაზია 12,კბილის ჯაგრისი,823,03.03.2023,Oral - B Pro - Expert კბილის ჯაგრისი,56,896,56,896,100,100,1
608,მომწოდებელი 12,მაღაზია 12,თევზის კონსერვი,823,03.03.2023,Calvo თინუსის სტეიკი,21,210,19,190,90,90,1
609,მომწოდებელი 12,მაღაზია 12,ტეკილა და სხვა,823,03.03.2023,Tullamore Dew ვისკი 40,64,768,64,768,100,100,1
610,მომწოდებელი 12,მაღაზია 12,სოსისი,823,03.03.2023,Vici მიდიები მარილწყალში,10,90,10,90,100,100,1
611,მომწოდებელი 12,მაღაზია 12,ღვინო,823,03.03.2023,ბადაგონი საფერავი წითელი მშრალი,39,195,39,195,100,100,1
612,მომწოდებელი 12,მაღაზია 12,ქართული მდნარი ყველი,823,03.03.2023,Gouda Cheese,26,416,26,416,100,100,1
613,მომწოდებელი 12,მაღაზია 12,კეფირი,823,03.03.2023,სანტე მაწონი 3.2,17,153,17,153,100,100,1
614,მომწოდებელი 12,მაღაზია 12,დაფასოებული კანფეტი,823,03.03.2023,Kids Box მუტფილმის გმირები ხრაშუნა ტკბილეული,31,403,31,403,100,100,1
615,მომწოდებელი 12,მაღაზია 12,საკანცელარიო საქონელი,823,03.03.2023,ერთჯერადი საშეტი ბლუ 3-10ც,63,1008,63,1008,100,100,1
616,მომწოდებელი 12,მაღაზია 12,ჩაი ასაწონი,823,03.03.2023,Nescafe ესპრესო ყავა,57,684,57,684,100,100,1
617,მომწოდებელი 12,მაღაზია 12,ძროხის ფარში,823,03.03.2023,ფრანქფურტერი საქონლის,6,48,6,48,100,100,1
618,მომწოდებელი 12,მაღაზია 12,ნაღები,823,03.03.2023,კარაქი /Arla/ ლურპაკი 82 /24*100 გრ,3,15,3,15,100,100,1
619,მომწოდებელი 12,მაღაზია 12,ტეკილა და სხვა,823,03.03.2023,სარაჯიშვილი-ბრენდი  VS  700მლ,40,280,40,280,100,100,1
620,მომწოდებელი 12,მაღაზია 12,ქართული ხილი,823,03.03.2023,ბროკოლი(ქ),33,231,33,231,100,100,1
621,მომწოდებელი 12,მაღაზია 12,ქართული ყველი,823,03.03.2023,დაწნული შებოლილი სულგუნი,21,315,21,315,100,100,1
622,მომწოდებელი 12,მაღაზია 12,სოკოს კონსერვი,823,03.03.2023,შავი გველთევზას კონსერვი ზეთში,67,938,67,938,100,100,1
623,მომწოდებელი 12,მაღაზია 12,ძროხის ხორცი,823,03.03.2023,ნედლი შეციებული ქართული ქათამი,34,340,34,340,100,100,1
624,მომწოდებელი 12,მაღაზია 12,ბისკვიტი/ ზეფირი,823,03.03.2023,G&G შოკოლადის ხვეულა,24,384,24,384,100,100,1
625,მომწოდებელი 12,მაღაზია 12,ქათმის ფილე,823,03.03.2023,ქათმის ასორტი ფილე premio 0 900,50,550,50,550,100,100,1
626,მომწოდებელი 12,მაღაზია 12,მაწონი/ არაჟანი,823,03.03.2023,სანტისიმო გარგარის ჯემით და ნაღებით 3.5,27,216,27,216,100,100,1
627,მომწოდებელი 12,მაღაზია 12,ტეკილა და სხვა,823,03.03.2023,Bombey Sapphire ჯინი 40,43,301,43,301,100,100,1
628,მომწოდებელი 12,მაღაზია 12,კეფირი,823,03.03.2023,დაჩა მარგარინი ზლოტა,56,392,50,350,89,89,1
629,მომწოდებელი 12,მაღაზია 12,ნაყინი ბატონი,823,03.03.2023,ნაყინი-შოკოლადის გრილიაჟი (ვედრო) 500გრ,22,286,22,286,100,100,1
630,მომწოდებელი 12,მაღაზია 12,ჭაჭა,823,03.03.2023,ჭაჭა საფერავი 0.5 ლ.ბ.,12,180,12,180,100,100,1
631,მომწოდებელი 12,მაღაზია 12,მაკარონი,823,03.03.2023,დოშირაკი - წვნიანი ქათმის (თეფში  90გრ/24ც),44,528,44,528,100,100,1
632,მომწოდებელი 12,მაღაზია 12,ხინკალი/ პილმენი/ ვარენიკი,823,03.03.2023,VICI - ხეკის ფილე პრიორიტეტი 300 გრ,58,812,58,812,100,100,1
633,მომწოდებელი 12,მაღაზია 12,მარილი,823,03.03.2023,Kalas Classic იოდიზირებული მარილი,58,870,58,870,100,100,1
634,მომწოდებელი 12,მაღაზია 12,ღვინო,823,03.03.2023,ბადაგონი ალაზნის ველი წითელი,10,70,10,70,100,100,1
635,მომწოდებელი 12,მაღაზია 12,შოკოლადის ბატონი,823,03.03.2023,Trolli წვეთები ჟელიბონი,52,520,52,520,100,100,1
636,მომწოდებელი 12,მაღაზია 12,ხორცის კონსერვი,823,03.03.2023,სელსკოე საქონლის ხორცის კონსერვი,50,400,50,400,100,100,1
637,მომწოდებელი 12,მაღაზია 12,ბავშვთა ჰიგიენა,823,03.03.2023,Tic-Tac საბავშვო საპონი,61,610,61,610,100,100,1
638,მომწოდებელი 12,მაღაზია 12,ყავა ერთჯერადი,823,03.03.2023,Maccoffee ცხელი შოკოლადი,38,190,38,190,100,100,1
639,მომწოდებელი 12,მაღაზია 12,ნაყინი ბატონი,823,03.03.2023,რუდ მალინის იოგურტით კორნეტო ნაყინი,33,528,33,528,100,100,1
640,მომწოდებელი 12,მაღაზია 12,ბამბა,823,03.03.2023,Lady Cotton სახის ბამბა,36,540,36,540,100,100,1
641,მომწოდებელი 12,მაღაზია 12,სოსისი,823,03.03.2023,Qualiko ქათმის კატლეტი შკილნა,50,700,50,700,100,100,1
642,მომწოდებელი 12,მაღაზია 12,ღვინო,823,03.03.2023,Asti Martini Brut შუშხუნა ღვინო,32,512,32,512,100,100,1
643,მომწოდებელი 13,მაღაზია 13,სუნელები,298,06.03.2023,ოჯახური უცხო სუნელი (დაფქული),11,132,11,132,100,100,1
644,მომწოდებელი 13,მაღაზია 13,ღვინო,298,06.03.2023,Asti Mrtini შუშხუნა ღვინო,43,602,43,602,100,100,1
645,მომწოდებელი 13,მაღაზია 13,მაკარონი,298,06.03.2023,G&G Penne Rigate მაკარონი,43,215,43,215,100,100,1
646,მომწოდებელი 13,მაღაზია 13,სხვადასხვა ზღვის პროდუქტი,298,06.03.2023,პიცა  Passionata /Iglotex/ მოცარელა/ 6*330 გ,66,462,66,462,100,100,1
647,მომწოდებელი 13,მაღაზია 13,ჭურჭლის სარეცხი საშუალებები,298,06.03.2023,Zewa სახის საწმენდი,48,288,48,288,100,100,1
648,მომწოდებელი 13,მაღაზია 13,იმპორტული ბოსტნეული,298,06.03.2023,კიტრი-პომიდვრის სალათი 1 კგ.,16,160,16,160,100,100,1
649,მომწოდებელი 13,მაღაზია 13,მაწონი/ არაჟანი,298,06.03.2023,სანტისიმო Amore ალუბლის ბრაუნი 7,59,826,40,560,68,68,1
650,მომწოდებელი 13,მაღაზია 13,წონის ორცხობილა/ ვაფლი,298,06.03.2023,შოლენ ოზმო რძიანი შოკოლადი წონით,64,320,64,320,100,100,1
651,მომწოდებელი 13,მაღაზია 13,ასაწონი თხილეული,298,06.03.2023,ალუჩა,49,637,49,637,100,100,1
652,მომწოდებელი 13,მაღაზია 13,ჰიგიენური საფენი,298,06.03.2023,Discreet Deo ჰიგიენური საფენი,7,63,7,63,100,100,1
653,მომწოდებელი 13,მაღაზია 13,ელექტრო საქონელი,298,06.03.2023,Linus დამაგრძელებელი დამიწებით,16,96,16,96,100,100,1
654,მომწოდებელი 13,მაღაზია 13,ტეკილა და სხვა,298,06.03.2023,SIERA - SILVER - ტეკილა  სიერა  სილვერი 38 1ლ,36,252,36,252,100,100,1
655,მომწოდებელი 13,მაღაზია 13,ხინკალი/ პილმენი/ ვარენიკი,298,06.03.2023,ზღვის კარჩხანა დორადო,39,429,39,429,100,100,1
656,მომწოდებელი 13,მაღაზია 13,სარეცხი სითხე,298,06.03.2023,Smile მინიონები სველი ხელსახოცი,17,272,17,272,100,100,1
657,მომწოდებელი 13,მაღაზია 13,მინის საწმენდი სითხე,298,06.03.2023,ზევა საბავშვო სველი ტუალეტის ქაღალდი,47,752,47,752,100,100,1
658,მომწოდებელი 13,მაღაზია 13,ტორტი/ ნამცხვარი,298,06.03.2023,ბაბაევსკი შოკოლადის ფილა,36,504,36,504,100,100,1
659,მომწოდებელი 13,მაღაზია 13,ასაწონი თხილეული,298,06.03.2023,გარგარი,53,583,53,583,100,100,1
660,მომწოდებელი 13,მაღაზია 13,იმპორტული მდნარი ყველი,298,06.03.2023,Ementaler Cheese ყველი,13,130,13,130,100,100,1
661,მომწოდებელი 13,მაღაზია 13,ლიქიორი,298,06.03.2023,SARAJISHVILI-სპირტიანი მაგარი სასმელი 3* 0.5,24,264,24,264,100,100,1
662,მომწოდებელი 13,მაღაზია 13,სიმინდის კონსერვი,298,06.03.2023,Lorado ტკბილი სიმინდი,63,378,63,378,100,100,1
663,მომწოდებელი 13,მაღაზია 13,ფოლგა/ პერგამენტი,298,06.03.2023,არიელი - ფერადი,13,104,13,104,100,100,1
664,მომწოდებელი 13,მაღაზია 13,შოკოლადის ნაკრები,298,06.03.2023,Barambo Export რძიანი შოკოლადის ფილა ნიგვზით,28,364,28,364,100,100,1
665,მომწოდებელი 13,მაღაზია 13,ღვინო,298,06.03.2023,მარანი ფიროსმანი ღვინო,44,704,44,704,100,100,1
666,მომწოდებელი 13,მაღაზია 13,წვენი,298,06.03.2023,კოკა-კოლა  გაზიანი სასმელი  2ლ,53,477,53,477,100,100,1
667,მომწოდებელი 13,მაღაზია 13,ქართული ყველი,298,06.03.2023,შებოლილი დათლილი სულგუნი ვაკუმში (ქ),45,405,38,342,84,84,1
668,მომწოდებელი 13,მაღაზია 13,თევზის კონსერვი,298,06.03.2023,კიტრის მწნილი პიკული,47,752,47,752,100,100,1
669,მომწოდებელი 13,მაღაზია 13,ელექტრო საქონელი,298,06.03.2023,Panasonic-ელემენტი LR03AP/4BP,50,550,50,550,100,100,1
670,მომწოდებელი 13,მაღაზია 13,სოსისი,298,06.03.2023,Vici კრევეტები ოთხკუთხა კუდით,23,345,23,345,100,100,1
671,მომწოდებელი 13,მაღაზია 13,ასაწონი თხილეული,298,06.03.2023,ოხრახუში (ქ),7,77,7,77,100,100,1
672,მომწოდებელი 13,მაღაზია 13,ტეკილა და სხვა,298,06.03.2023,GLENMORANGIE - ORIGINAL  GB 0.700 \40 - ვისკი  გლენმორანჟი  ორიგინალი,48,480,48,480,100,100,1
673,მომწოდებელი 13,მაღაზია 13,მინის საწმენდი სითხე,298,06.03.2023,პერვოლი  თხევადი  ქსოვილის აღმდგენი  1 ლ. (8),44,264,44,264,100,100,1
674,მომწოდებელი 13,მაღაზია 13,ლიქიორი,298,06.03.2023,Hennessy Vs 0 7 L 40  - კონიაკი ჰენესი ვი ესი,59,295,59,295,100,100,1
675,მომწოდებელი 13,მაღაზია 13,ქართული ყველი,298,06.03.2023,ალვანის ცხვრის გუდა,61,488,61,488,100,100,1
676,მომწოდებელი 13,მაღაზია 13,ნათურები,298,06.03.2023,Palmolive Olive,9,90,9,90,100,100,1
677,მომწოდებელი 13,მაღაზია 13,ზეთი,298,06.03.2023,სელის ზეთი,38,532,38,532,100,100,1
678,მომწოდებელი 13,მაღაზია 13,ქართული მდნარი ყველი,298,06.03.2023,Almetteმდნარი ყველი 16,60,900,60,900,100,100,1
679,მომწოდებელი 13,მაღაზია 13,სარეცხი სითხე,298,06.03.2023,არიელი - ლენორ ფერადი,3,18,3,18,100,100,1
680,მომწოდებელი 13,მაღაზია 13,ჰიგიენური საფენი,298,06.03.2023,Olways Ultra ულტრა ნორმალი ჰიგიენური საფენი,19,209,19,209,100,100,1
681,მომწოდებელი 13,მაღაზია 13,იოგურტი,298,06.03.2023,სანტისიმო ალუბალი ნაღებით 2.5,16,240,16,240,100,100,1
682,მომწოდებელი 13,მაღაზია 13,შავი ჩაი,298,06.03.2023,ლებო ყავა სერენადა მარცვალი,28,224,28,224,100,100,1
683,მომწოდებელი 13,მაღაზია 13,სოსისი,298,06.03.2023,Vici კიბორჩხალის ჩხირები,30,240,30,240,100,100,1
684,მომწოდებელი 13,მაღაზია 13,ჯემები და მურაბები,298,06.03.2023,კულა - ვაშლის ჯემი 900გრ,52,260,52,260,100,100,1
685,მომწოდებელი 13,მაღაზია 13,ბავშვთა ჰიგიენა,298,06.03.2023,Reach ბავშვის კბილის ჯაგრისი,56,616,56,616,100,100,1
686,მომწოდებელი 13,მაღაზია 13,სუნელები,298,06.03.2023,ხომლი - ხმელი სუნელი დაფქვილი 15 გ,36,468,34,442,94,94,1
687,მომწოდებელი 13,მაღაზია 13,ხინკალი/ პილმენი/ ვარენიკი,298,06.03.2023,რუსული ზუთხის სტეიკი,62,558,62,558,100,100,1
688,მომწოდებელი 13,მაღაზია 13,შოკოლადის ბატონი,298,06.03.2023,Bon Pari მჟავე ჭიაყელა საღეჭი მარმელადი,44,528,44,528,100,100,1
689,მომწოდებელი 13,მაღაზია 13,კბილის ჯაგრისი,298,06.03.2023,Colgate Triple Action კბილის პასტა,20,100,20,100,100,100,1
690,მომწოდებელი 13,მაღაზია 13,კექსი/ რულეტი/ ქაფქეიქი,298,06.03.2023,Bahlsen ნამცხვარი ჩოკინი,21,105,21,105,100,100,1
691,მომწოდებელი 13,მაღაზია 13,გაზიანი ტკბილი სასმელები,298,06.03.2023,Fanta ფორთოხალი,42,336,42,336,100,100,1
692,მომწოდებელი 13,მაღაზია 13,წებო,298,06.03.2023,კომპაქტი სვ ხელსახოცი ყვავილოვანი სურნელით,26,130,26,130,100,100,1
693,მომწოდებელი 13,მაღაზია 13,პური ლავაში,298,06.03.2023,ტრადიციული მინი ბაგეტი,56,280,56,280,100,100,1
694,მომწოდებელი 13,მაღაზია 13,პური შოთის,298,06.03.2023,არტიზანო პური,44,396,44,396,100,100,1
695,მომწოდებელი 13,მაღაზია 13,ღვინო,298,06.03.2023,მარანი კონდოლი მწვანე ქისი ღვინო,60,960,60,960,100,100,1
696,მომწოდებელი 13,მაღაზია 13,მაკარონი,298,06.03.2023,დოშირაკი - წვნიანი საქონლის (თეფში 90გრ/24ც),50,700,50,700,100,100,1
697,მომწოდებელი 13,მაღაზია 13,კექსი/ რულეტი/ ქაფქეიქი,298,06.03.2023,Hamlet შოკოლადი ტრუფელი კაკაოთიშამპანიურით,42,252,42,252,100,100,1
698,მომწოდებელი 13,მაღაზია 13,ჟურნალ-გაზეთები,298,06.03.2023,კრიალა გურმანი ხელსახოცი,55,275,55,275,100,100,1
699,მომწოდებელი 13,მაღაზია 13,შოკოლადის ფილა,298,06.03.2023,ტყლაპი ტყემლის აგროფაი 70 გრ,40,360,40,360,100,100,1
700,მომწოდებელი 13,მაღაზია 13,ქართული ყველი,298,06.03.2023,Mlekovita ლორით მდნარი ყველი,32,256,32,256,100,100,1
701,მომწოდებელი 13,მაღაზია 13,სხვადასხვა ზღვის პროდუქტი,298,06.03.2023,(გაცივებული) ზეთში დამარინადებული მიდიები ЛЮБО ЕСТЬ 200 გ 10 ც/ყ,59,649,59,649,100,100,1
702,მომწოდებელი 13,მაღაზია 13,ძროხის ხორცი,298,06.03.2023,ღორის ხორცი ტყავით - ასაწონი,20,200,20,200,100,100,1
703,მომწოდებელი 13,მაღაზია 13,ზეთი,298,06.03.2023,Coopoliva ზეითუნის ზეთი,38,228,38,228,100,100,1
704,მომწოდებელი 13,მაღაზია 13,ზეთი,298,06.03.2023,Hutesa ზეითუნის ზეთი ექსტრა,66,924,23,322,35,35,1
705,მომწოდებელი 13,მაღაზია 13,მაწონი/ არაჟანი,298,06.03.2023,სანტისიმო Amore ტირამისუ 7,20,200,20,200,100,100,1
706,მომწოდებელი 13,მაღაზია 13,ვაფლი/ ორცხობილა,298,06.03.2023,ულქერი - ო ლალა - სუფლე რძიანი შოკოლადი - 70გ*12,28,196,28,196,100,100,1
707,მომწოდებელი 13,მაღაზია 13,შამპუნი/ ბალზამი/ კონდიციონერი,298,06.03.2023,პანტენის კონდიციონერი ბამბუკი 6x200გ,24,240,24,240,100,100,1
708,მომწოდებელი 13,მაღაზია 13,სუნელები,298,06.03.2023,ოჯახური რეჰანი,13,104,13,104,100,100,1
709,მომწოდებელი 13,მაღაზია 13,ქათმის ფილე,298,06.03.2023,G+G - გაყინული ბოსტბნეული კარაქით 300 გრ,6,60,6,60,100,100,1
710,მომწოდებელი 13,მაღაზია 13,ბისკვიტი/ ზეფირი,298,06.03.2023,Milka ვაფლი შოკოლადით,9,81,9,81,100,100,1
711,მომწოდებელი 13,მაღაზია 13,ყავა ერთჯერადი,298,06.03.2023,Nescafe ერთჯერადი ხსნადი ყავა გოლდი,25,175,25,175,100,100,1
712,მომწოდებელი 13,მაღაზია 13,იმპორტული მდნარი ყველი,298,06.03.2023,President Le Blue 50,12,96,12,96,100,100,1
713,მომწოდებელი 14,მაღაზია 14,კექსი/ რულეტი/ ქაფქეიქი,924,09.03.2023,G+G ორცხობილების ნაკრები,15,225,15,225,100,100,0
714,მომწოდებელი 14,მაღაზია 14,პური შოთის,924,09.03.2023,ცეხვილი,44,220,44,220,100,100,0
715,მომწოდებელი 14,მაღაზია 14,ხინკალი/ პილმენი/ ვარენიკი,924,09.03.2023,ხიზილალა იმიტირებული შავი ოკეანის ენერგია პრემიუმი 400 გრ პლასტიკის ქილა,65,975,30,450,46,46,0
716,მომწოდებელი 14,მაღაზია 14,შოკოლადის ბატონი,924,09.03.2023,3 კორაჩკი - სუხარიკი ტომატ მწვანილით 100/25,11,121,11,121,100,100,0
717,მომწოდებელი 14,მაღაზია 14,კექსი/ რულეტი/ ქაფქეიქი,924,09.03.2023,ვაფლი რეტრო ლიმნის 0.3კგ/12,58,928,58,928,100,100,0
718,მომწოდებელი 14,მაღაზია 14,კეფირი,924,09.03.2023,LUNA მარგარინი,38,608,38,608,100,100,0
719,მომწოდებელი 14,მაღაზია 14,შოკოლადის ნაკრები,924,09.03.2023,Nestle შავი შოკოლადის ფილა,46,506,46,506,100,100,0
720,მომწოდებელი 14,მაღაზია 14,შოკოლადის ბატონი,924,09.03.2023,7DAYS - მიდი კრუასანი მარწყვი 60 გრ (20),19,247,19,247,100,100,0
721,მომწოდებელი 14,მაღაზია 14,ბოსტნეულის კონსერვი,924,09.03.2023,Reggia გომიტი რიგატი ნიჟარა,52,624,52,624,100,100,0
722,მომწოდებელი 14,მაღაზია 14,ღორის ხორცი,924,09.03.2023,Flus ტურისტი უნგრული ძეხვი,48,528,48,528,100,100,0
723,მომწოდებელი 14,მაღაზია 14,ყავა ასაწონი,924,09.03.2023,Tess სანრაიზ შავი ჩაი,7,98,7,98,100,100,0
724,მომწოდებელი 14,მაღაზია 14,ღვინო,924,09.03.2023,თელავის მარანი ცქრიალა თეთრი ნახ.მშრალი ღვინო,54,378,54,378,100,100,0
725,მომწოდებელი 14,მაღაზია 14,სარეცხი ფხვნილი,924,09.03.2023,Melochi Zhizni ნაგვის,9,99,9,99,100,100,0
726,მომწოდებელი 14,მაღაზია 14,სიგარეტი,924,09.03.2023,Kool Menthol,3,30,3,30,100,100,0
727,მომწოდებელი 14,მაღაზია 14,ტორტი/ ნამცხვარი,924,09.03.2023,Cachet შავი შოკოლადი პერუ,19,95,19,95,100,100,0
728,მომწოდებელი 14,მაღაზია 14,დაფასოებული კანფეტი,924,09.03.2023,KONTI-შოკოლადის კანფეტი Тими ნაღებით 1000 გრ.(4),43,688,43,688,100,100,0
729,მომწოდებელი 14,მაღაზია 14,ბისკვიტი/ ზეფირი,924,09.03.2023,ბარამბო - ვაფლი თხილით 240 გრ,45,720,0,0,0,0,0
730,მომწოდებელი 14,მაღაზია 14,კექსი/ რულეტი/ ქაფქეიქი,924,09.03.2023,DR. QUENDT-ნამხცვარი   ასოები,6,42,6,42,100,100,0
731,მომწოდებელი 14,მაღაზია 14,მაკარონი,924,09.03.2023,ანაკომი - სწრაფი მომზ. წვნიანი ლაფშით და ქათმის ბულიონით (24) 50 გრ,9,90,9,90,100,100,0
732,მომწოდებელი 14,მაღაზია 14,ბურღულეული,924,09.03.2023,იასნო სოლნიშკო - შვრიის ფაფა ასორტი,67,871,67,871,100,100,0
733,მომწოდებელი 14,მაღაზია 14,შოკოლადის ფილა,924,09.03.2023,Dirol საზამთროს არომატით,57,855,57,855,100,100,0
734,მომწოდებელი 14,მაღაზია 14,ტეკილა და სხვა,924,09.03.2023,Balvenie Doublewood ვისკი 43 ,11,154,11,154,100,100,0
735,მომწოდებელი 14,მაღაზია 14,ფქვილი,924,09.03.2023,Makfa ფქვილი,65,585,65,585,100,100,0
736,მომწოდებელი 14,მაღაზია 14,ნაღები,924,09.03.2023,Alpro სოიოს სასმელი ნუშით,66,726,66,726,100,100,0
737,მომწოდებელი 14,მაღაზია 14,ნათურები,924,09.03.2023,Selpak ტუალეტის ქაღალდი,37,518,37,518,100,100,0
738,მომწოდებელი 14,მაღაზია 14,ქართული ყველი,924,09.03.2023,ყველი ლაბნე პრეზიდენტი 200 გრ,33,396,33,396,100,100,0
739,მომწოდებელი 14,მაღაზია 14,ტეკილა და სხვა,924,09.03.2023,Generous Gin 0.7 L 44 - ჯინი ჯენეროუსი ,42,252,42,252,100,100,0
740,მომწოდებელი 14,მაღაზია 14,სუნელები,924,09.03.2023,yamuna - კვიტინი ჟელე ფიქსი 3/1 20გრ. (იამ),12,180,12,180,100,100,0
741,მომწოდებელი 14,მაღაზია 14,იოგურტი,924,09.03.2023,ჩუდო მარწყვის რძიანი კოქტეილი 5.5,56,504,46,414,82,82,0
742,მომწოდებელი 14,მაღაზია 14,კაკაო,924,09.03.2023,Twinings მწვანე ჟასმინი ჩაი,55,660,55,660,100,100,0
743,მომწოდებელი 14,მაღაზია 14,ტეკილა და სხვა,924,09.03.2023,Clan Macgregor ვისკი 40,19,228,19,228,100,100,0
744,მომწოდებელი 14,მაღაზია 14,ლუდი იმპორტული,924,09.03.2023,კრუშოვიცე ალუმინის ქილა,33,396,33,396,100,100,0
745,მომწოდებელი 14,მაღაზია 14,ძროხის ხორცი,924,09.03.2023,საქონლის ჩალაღაჯი,47,329,47,329,100,100,0
746,მომწოდებელი 14,მაღაზია 14,ფქვილი,924,09.03.2023,ლაფამილია საცხობი ფქვილი,37,518,37,518,100,100,0
747,მომწოდებელი 14,მაღაზია 14,ტეკილა და სხვა,924,09.03.2023,JOSE CUERVO\38  0.750 - ტეკილა  ხოსე კუერვო  სპეშალ გოლდი,59,354,59,354,100,100,0
748,მომწოდებელი 14,მაღაზია 14,ქათმის ფრთები/ ბარკლები,924,09.03.2023,ზღვის კომბოსტოს მარინადში 150გრ,64,576,61,549,95,95,0
749,მომწოდებელი 14,მაღაზია 14,ქართული ყველი,924,09.03.2023,სანებო შებოლილი სულგუნი,59,295,59,295,100,100,0
750,მომწოდებელი 14,მაღაზია 14,ლიქიორი,924,09.03.2023,HENNESSY V.S.O.P. - კონიაკი  ჰენესი  ვი.ეს.ოუ.პი 40 1ლ,35,420,35,420,100,100,0
751,მომწოდებელი 14,მაღაზია 14,ლუდი ქართული,924,09.03.2023,შავი ლომი Apa,59,767,59,767,100,100,0
752,მომწოდებელი 14,მაღაზია 14,ბურღულეული,924,09.03.2023,სოლნიშკო შვრიის ფანტელი N 1,31,496,31,496,100,100,0
753,მომწოდებელი 14,მაღაზია 14,ტეკილა და სხვა,924,09.03.2023,კილბეგან-ვისკი 40 0.7ლ,30,420,30,420,100,100,0
754,მომწოდებელი 14,მაღაზია 14,შოკოლადის ბატონი,924,09.03.2023,ბარამბო მარმელადი მარწყვითა და ბანანით,47,705,47,705,100,100,0
755,მომწოდებელი 14,მაღაზია 14,ლუდი ქართული,924,09.03.2023,შავი ლომი Ipa,46,368,46,368,100,100,0
756,მომწოდებელი 14,მაღაზია 14,ქათმის ფრთები/ ბარკლები,924,09.03.2023,IGLO-თეთრულას კოტლეტი,42,462,42,462,100,100,0
757,მომწოდებელი 14,მაღაზია 14,ტეკილა და სხვა,924,09.03.2023,GLANFIDDICH TUB -ვისკი გლენფიდიჩი 40 0.75ლ,41,287,41,287,100,100,0
758,მომწოდებელი 14,მაღაზია 14,კბილის ჯაგრისი,924,09.03.2023,Oral - B Pro - Expert კბილის ჯაგრისი,40,320,40,320,100,100,0
759,მომწოდებელი 14,მაღაზია 14,თევზის კონსერვი,924,09.03.2023,Calvo თინუსის სტეიკი,16,224,16,224,100,100,0
760,მომწოდებელი 14,მაღაზია 14,ტეკილა და სხვა,924,09.03.2023,Tullamore Dew ვისკი 40,43,215,43,215,100,100,0
761,მომწოდებელი 14,მაღაზია 14,სოსისი,924,09.03.2023,Vici მიდიები მარილწყალში,62,682,62,682,100,100,0
762,მომწოდებელი 14,მაღაზია 14,ღვინო,924,09.03.2023,ბადაგონი საფერავი წითელი მშრალი,33,495,33,495,100,100,0
763,მომწოდებელი 14,მაღაზია 14,ქართული მდნარი ყველი,924,09.03.2023,Gouda Cheese,36,396,36,396,100,100,0
764,მომწოდებელი 14,მაღაზია 14,კეფირი,924,09.03.2023,სანტე მაწონი 3.2,63,504,63,504,100,100,0
765,მომწოდებელი 14,მაღაზია 14,დაფასოებული კანფეტი,924,09.03.2023,Kids Box მუტფილმის გმირები ხრაშუნა ტკბილეული,21,210,21,210,100,100,0
766,მომწოდებელი 14,მაღაზია 14,საკანცელარიო საქონელი,924,09.03.2023,ერთჯერადი საშეტი ბლუ 3-10ც,33,462,33,462,100,100,0
767,მომწოდებელი 14,მაღაზია 14,ჩაი ასაწონი,924,09.03.2023,Nescafe ესპრესო ყავა,19,152,19,152,100,100,0
768,მომწოდებელი 14,მაღაზია 14,ძროხის ფარში,924,09.03.2023,ფრანქფურტერი საქონლის,15,120,15,120,100,100,0
769,მომწოდებელი 14,მაღაზია 14,ნაღები,924,09.03.2023,კარაქი /Arla/ ლურპაკი 82 /24*100 გრ,4,64,0,0,0,0,0
770,მომწოდებელი 14,მაღაზია 14,ტეკილა და სხვა,924,09.03.2023,სარაჯიშვილი-ბრენდი  VS  700მლ,5,50,5,50,100,100,0
771,მომწოდებელი 14,მაღაზია 14,ქართული ხილი,924,09.03.2023,ბროკოლი(ქ),26,234,26,234,100,100,0
772,მომწოდებელი 15,მაღაზია 15,კექსი/ რულეტი/ ქაფქეიქი,625,12.03.2023,G+G ორცხობილების ნაკრები,20,300,20,300,100,100,0
773,მომწოდებელი 16,მაღაზია 16,პური შოთის,625,12.03.2023,ცეხვილი,18,180,18,180,100,100,0
774,მომწოდებელი 17,მაღაზია 17,ხინკალი/ პილმენი/ ვარენიკი,625,12.03.2023,ხიზილალა იმიტირებული შავი ოკეანის ენერგია პრემიუმი 400 გრ პლასტიკის ქილა,51,765,51,765,100,100,0
775,მომწოდებელი 18,მაღაზია 18,შოკოლადის ბატონი,625,12.03.2023,3 კორაჩკი - სუხარიკი ტომატ მწვანილით 100/25,7,77,7,77,100,100,0
776,მომწოდებელი 19,მაღაზია 19,კექსი/ რულეტი/ ქაფქეიქი,625,12.03.2023,ვაფლი რეტრო ლიმნის 0.3კგ/12,2,24,2,24,100,100,0
777,მომწოდებელი 20,მაღაზია 20,კეფირი,625,12.03.2023,LUNA მარგარინი,41,246,41,246,100,100,0
778,მომწოდებელი 21,მაღაზია 21,შოკოლადის ნაკრები,625,12.03.2023,Nestle შავი შოკოლადის ფილა,67,670,67,670,100,100,0
779,მომწოდებელი 22,მაღაზია 22,შოკოლადის ბატონი,625,12.03.2023,7DAYS - მიდი კრუასანი მარწყვი 60 გრ (20),3,24,3,24,100,100,0
780,მომწოდებელი 23,მაღაზია 23,ბოსტნეულის კონსერვი,625,12.03.2023,Reggia გომიტი რიგატი ნიჟარა,15,150,15,150,100,100,0
781,მომწოდებელი 24,მაღაზია 24,ღორის ხორცი,625,12.03.2023,Flus ტურისტი უნგრული ძეხვი,56,504,24,216,43,43,0
782,მომწოდებელი 25,მაღაზია 25,ყავა ასაწონი,625,12.03.2023,Tess სანრაიზ შავი ჩაი,42,378,42,378,100,100,0
783,მომწოდებელი 26,მაღაზია 26,ღვინო,625,12.03.2023,თელავის მარანი ცქრიალა თეთრი ნახ.მშრალი ღვინო,40,520,40,520,100,100,0
784,მომწოდებელი 27,მაღაზია 27,სარეცხი ფხვნილი,625,12.03.2023,Melochi Zhizni ნაგვის,41,492,41,492,100,100,0
785,მომწოდებელი 28,მაღაზია 28,სიგარეტი,625,12.03.2023,Kool Menthol,37,518,37,518,100,100,0
786,მომწოდებელი 29,მაღაზია 29,ტორტი/ ნამცხვარი,625,12.03.2023,Cachet შავი შოკოლადი პერუ,61,671,61,671,100,100,0
787,მომწოდებელი 30,მაღაზია 30,დაფასოებული კანფეტი,625,12.03.2023,KONTI-შოკოლადის კანფეტი Тими ნაღებით 1000 გრ.(4),57,456,57,456,100,100,0
788,მომწოდებელი 31,მაღაზია 31,ბისკვიტი/ ზეფირი,625,12.03.2023,ბარამბო - ვაფლი თხილით 240 გრ,34,510,34,510,100,100,0
789,მომწოდებელი 32,მაღაზია 32,კექსი/ რულეტი/ ქაფქეიქი,625,12.03.2023,DR. QUENDT-ნამხცვარი   ასოები,26,182,26,182,100,100,0
790,მომწოდებელი 33,მაღაზია 33,მაკარონი,625,12.03.2023,ანაკომი - სწრაფი მომზ. წვნიანი ლაფშით და ქათმის ბულიონით (24) 50 გრ,46,506,18,198,39,39,0
791,მომწოდებელი 34,მაღაზია 34,ბურღულეული,625,12.03.2023,იასნო სოლნიშკო - შვრიის ფაფა ასორტი,18,252,18,252,100,100,0
792,მომწოდებელი 35,მაღაზია 35,შოკოლადის ფილა,625,12.03.2023,Dirol საზამთროს არომატით,59,944,59,944,100,100,0
793,მომწოდებელი 36,მაღაზია 36,ტეკილა და სხვა,625,12.03.2023,Balvenie Doublewood ვისკი 43 ,15,120,15,120,100,100,0
794,მომწოდებელი 37,მაღაზია 37,ფქვილი,625,12.03.2023,Makfa ფქვილი,31,279,31,279,100,100,0
795,მომწოდებელი 38,მაღაზია 38,ნაღები,625,12.03.2023,Alpro სოიოს სასმელი ნუშით,46,690,46,690,100,100,0
796,მომწოდებელი 39,მაღაზია 39,ნათურები,625,12.03.2023,Selpak ტუალეტის ქაღალდი,48,720,48,720,100,100,0
797,მომწოდებელი 40,მაღაზია 40,ქართული ყველი,625,12.03.2023,ყველი ლაბნე პრეზიდენტი 200 გრ,48,432,48,432,100,100,0
798,მომწოდებელი 41,მაღაზია 41,ტეკილა და სხვა,625,12.03.2023,Generous Gin 0.7 L 44 - ჯინი ჯენეროუსი ,40,320,40,320,100,100,0
799,მომწოდებელი 42,მაღაზია 42,სუნელები,625,12.03.2023,yamuna - კვიტინი ჟელე ფიქსი 3/1 20გრ. (იამ),51,612,51,612,100,100,0
800,მომწოდებელი 43,მაღაზია 43,იოგურტი,625,12.03.2023,ჩუდო მარწყვის რძიანი კოქტეილი 5.5,44,572,44,572,100,100,0
801,მომწოდებელი 44,მაღაზია 44,კაკაო,625,12.03.2023,Twinings მწვანე ჟასმინი ჩაი,20,300,20,300,100,100,0
802,მომწოდებელი 45,მაღაზია 45,ტეკილა და სხვა,625,12.03.2023,Clan Macgregor ვისკი 40,38,494,38,494,100,100,0
803,მომწოდებელი 46,მაღაზია 46,ლუდი იმპორტული,625,12.03.2023,კრუშოვიცე ალუმინის ქილა,31,310,31,310,100,100,0
804,მომწოდებელი 47,მაღაზია 47,ძროხის ხორცი,625,12.03.2023,საქონლის ჩალაღაჯი,48,720,48,720,100,100,0
805,მომწოდებელი 48,მაღაზია 48,ფქვილი,625,12.03.2023,ლაფამილია საცხობი ფქვილი,38,342,38,342,100,100,0
806,მომწოდებელი 49,მაღაზია 49,ტეკილა და სხვა,625,12.03.2023,JOSE CUERVO\38  0.750 - ტეკილა  ხოსე კუერვო  სპეშალ გოლდი,12,96,5,40,42,42,0
807,მომწოდებელი 50,მაღაზია 50,ქათმის ფრთები/ ბარკლები,625,12.03.2023,ზღვის კომბოსტოს მარინადში 150გრ,42,462,42,462,100,100,0
808,მომწოდებელი 51,მაღაზია 51,ქართული ყველი,625,12.03.2023,სანებო შებოლილი სულგუნი,30,300,30,300,100,100,0
809,მომწოდებელი 52,მაღაზია 52,ლიქიორი,625,12.03.2023,HENNESSY V.S.O.P. - კონიაკი  ჰენესი  ვი.ეს.ოუ.პი 40 1ლ,38,266,38,266,100,100,0
810,მომწოდებელი 53,მაღაზია 53,ლუდი ქართული,625,12.03.2023,შავი ლომი Apa,8,48,8,48,100,100,0
811,მომწოდებელი 54,მაღაზია 54,ბურღულეული,625,12.03.2023,სოლნიშკო შვრიის ფანტელი N 1,53,689,53,689,100,100,0
812,მომწოდებელი 55,მაღაზია 55,ტეკილა და სხვა,625,12.03.2023,კილბეგან-ვისკი 40 0.7ლ,3,30,3,30,100,100,0
813,მომწოდებელი 56,მაღაზია 56,შოკოლადის ბატონი,625,12.03.2023,ბარამბო მარმელადი მარწყვითა და ბანანით,34,510,34,510,100,100,0
814,მომწოდებელი 57,მაღაზია 57,ლუდი ქართული,625,12.03.2023,შავი ლომი Ipa,67,603,67,603,100,100,0
815,მომწოდებელი 58,მაღაზია 58,ქათმის ფრთები/ ბარკლები,625,12.03.2023,IGLO-თეთრულას კოტლეტი,54,270,54,270,100,100,0
816,მომწოდებელი 59,მაღაზია 59,ტეკილა და სხვა,625,12.03.2023,GLANFIDDICH TUB -ვისკი გლენფიდიჩი 40 0.75ლ,65,520,65,520,100,100,0
817,მომწოდებელი 60,მაღაზია 60,კბილის ჯაგრისი,625,12.03.2023,Oral - B Pro - Expert კბილის ჯაგრისი,14,168,14,168,100,100,0
818,მომწოდებელი 61,მაღაზია 61,თევზის კონსერვი,625,12.03.2023,Calvo თინუსის სტეიკი,21,147,21,147,100,100,0
819,მომწოდებელი 62,მაღაზია 62,ტეკილა და სხვა,625,12.03.2023,Tullamore Dew ვისკი 40,24,360,24,360,100,100,0
820,მომწოდებელი 63,მაღაზია 63,სოსისი,625,12.03.2023,Vici მიდიები მარილწყალში,7,84,7,84,100,100,0
821,მომწოდებელი 64,მაღაზია 64,ღვინო,625,12.03.2023,ბადაგონი საფერავი წითელი მშრალი,15,120,15,120,100,100,0
822,მომწოდებელი 65,მაღაზია 65,ქართული მდნარი ყველი,625,12.03.2023,Gouda Cheese,8,64,8,64,100,100,0
823,მომწოდებელი 66,მაღაზია 66,კეფირი,625,12.03.2023,სანტე მაწონი 3.2,44,616,44,616,100,100,0
824,მომწოდებელი 67,მაღაზია 67,დაფასოებული კანფეტი,625,12.03.2023,Kids Box მუტფილმის გმირები ხრაშუნა ტკბილეული,67,1005,67,1005,100,100,0
825,მომწოდებელი 68,მაღაზია 68,საკანცელარიო საქონელი,625,12.03.2023,ერთჯერადი საშეტი ბლუ 3-10ც,29,377,29,377,100,100,0
826,მომწოდებელი 69,მაღაზია 69,ჩაი ასაწონი,625,12.03.2023,Nescafe ესპრესო ყავა,46,414,46,414,100,100,0
827,მომწოდებელი 70,მაღაზია 70,ძროხის ფარში,625,12.03.2023,ფრანქფურტერი საქონლის,12,192,12,192,100,100,0
828,მომწოდებელი 71,მაღაზია 71,ნაღები,625,12.03.2023,კარაქი /Arla/ ლურპაკი 82 /24*100 გრ,3,30,3,30,100,100,0
829,მომწოდებელი 72,მაღაზია 72,ტეკილა და სხვა,625,12.03.2023,სარაჯიშვილი-ბრენდი  VS  700მლ,46,460,46,460,100,100,0
830,მომწოდებელი 73,მაღაზია 73,ქართული ხილი,625,12.03.2023,ბროკოლი(ქ),67,1072,67,1072,100,100,0
831,მომწოდებელი 74,მაღაზია 74,ქართული ყველი,625,12.03.2023,დაწნული შებოლილი სულგუნი,67,1005,0,0,0,0,0
832,მომწოდებელი 75,მაღაზია 75,სოკოს კონსერვი,625,12.03.2023,შავი გველთევზას კონსერვი ზეთში,17,204,17,204,100,100,0
833,მომწოდებელი 76,მაღაზია 76,ძროხის ხორცი,625,12.03.2023,ნედლი შეციებული ქართული ქათამი,4,56,4,56,100,100,0
